fold,schedule,val_acc,val_mse,test_acc,test_mse
1,main 20/40/60,0.654,0.11446018517017365,0.358,0.1518218070268631
1,slow 30/60/90,0.6,0.10543936491012573,0.368,0.13822051882743835
2,main 20/40/60,0.688,0.07636059820652008,0.76,0.059592943638563156
2,slow 30/60/90,0.676,0.07271427661180496,0.76,0.05636537820100784
3,main 20/40/60,0.532,0.09457577019929886,0.488,0.12889450788497925
3,slow 30/60/90,0.51,0.05527117848396301,0.598,0.06932162493467331
4,main 20/40/60,0.774,0.11912795901298523,0.34,0.06020202860236168
4,slow 30/60/90,0.77,0.13006600737571716,0.39,0.06670165061950684
5,main 20/40/60,0.642,0.09485068172216415,0.528,0.14030125737190247
5,slow 30/60/90,0.644,0.07263021916151047,0.568,0.120099738240242
6,main 20/40/60,0.602,0.11222818493843079,0.72,0.08713186532258987
6,slow 30/60/90,0.588,0.10191799700260162,0.75,0.07872920483350754
