method,d,bytes,CR_INT8,CR_FP32,Accuracy,Macro_F1,Delta_A_pp,R_acc,MSE,PRD_spec
Original,2048,8196,0.2503660322108345,1.0,0.423 ± 0.137,0.373 ± 0.148,0.000 ± 0.000,100.000 ± 0.000,0.000 ± 0.000,0.000 ± 0.000
INT8,2048,2052,1.0,3.9941520467836256,0.422 ± 0.138,0.372 ± 0.150,-0.100 ± 0.167,99.661 ± 0.462,0.000 ± 0.000,1.765 ± 0.005
AE-MSE,256,260,7.892307692307693,31.523076923076925,0.415 ± 0.143,0.368 ± 0.145,-0.800 ± 1.939,97.304 ± 5.525,0.047 ± 0.017,20.053 ± 4.533
DCT,256,260,7.892307692307693,31.523076923076925,0.416 ± 0.139,0.370 ± 0.141,-0.733 ± 2.664,97.838 ± 6.598,0.054 ± 0.021,21.907 ± 5.210
Low-Mel,256,260,7.892307692307693,31.523076923076925,0.106 ± 0.016,0.023 ± 0.011,-31.700 ± 13.672,27.807 ± 10.315,0.896 ± 0.147,83.839 ± 3.378
Task-AE,256,260,7.892307692307693,31.523076923076925,0.445 ± 0.144,0.406 ± 0.154,2.200 ± 1.914,105.405 ± 3.610,0.111 ± 0.055,30.689 ± 7.712
AE-MSE,128,132,15.545454545454543,62.09090909090909,0.404 ± 0.134,0.359 ± 0.138,-1.933 ± 3.331,95.066 ± 8.482,0.068 ± 0.023,23.824 ± 5.065
DCT,128,132,15.545454545454543,62.09090909090909,0.391 ± 0.140,0.347 ± 0.142,-3.200 ± 3.425,91.297 ± 9.109,0.083 ± 0.030,26.576 ± 5.775
Low-Mel,128,132,15.545454545454543,62.09090909090909,0.102 ± 0.004,0.020 ± 0.005,-32.167 ± 13.650,26.741 ± 10.186,0.960 ± 0.137,91.287 ± 2.210
Task-AE,128,132,15.545454545454543,62.09090909090909,0.427 ± 0.147,0.388 ± 0.154,0.400 ± 3.492,100.301 ± 8.994,0.124 ± 0.064,31.866 ± 8.770
AE-MSE,64,68,30.176470588235293,120.52941176470588,0.345 ± 0.122,0.292 ± 0.119,-7.867 ± 4.551,80.740 ± 9.969,0.106 ± 0.029,29.522 ± 5.272
DCT,64,68,30.176470588235293,120.52941176470588,0.318 ± 0.108,0.258 ± 0.107,-10.500 ± 4.623,74.777 ± 8.125,0.132 ± 0.049,32.925 ± 7.118
Low-Mel,64,68,30.176470588235293,120.52941176470588,0.100 ± 0.000,0.018 ± 0.000,-32.333 ± 13.666,26.361 ± 10.301,0.992 ± 0.132,94.693 ± 1.692
Task-AE,64,68,30.176470588235293,120.52941176470588,0.431 ± 0.141,0.388 ± 0.161,0.800 ± 6.244,103.251 ± 12.965,0.173 ± 0.069,38.033 ± 8.035
