method,fold,test_speaker,seed,d,bytes,CR_INT8,CR_FP32,Accuracy,Macro_F1,Delta_A_pp,R_acc,MSE,PRD_spec
Original,1,george,0,2048,8196,0.25036603221083453,1.0,0.514,0.48768366548852987,0.0,100.0,0.0,0.0
INT8,1,george,0,2048,2052,1.0,3.9941520467836256,0.512,0.4836904936513607,-0.20000000000000018,99.61089494163424,0.00032807039679028094,1.7623029947280884
DCT,1,george,0,64,68,30.176470588235293,120.52941176470588,0.37,0.3469593531086941,-14.400000000000002,71.98443579766537,0.1275218427181244,32.57369613647461
Low-Mel,1,george,0,64,68,30.176470588235293,120.52941176470588,0.1,0.01818181818181818,-41.400000000000006,19.455252918287936,1.1996312141418457,97.38890075683594
AE-MSE,1,george,0,64,68,30.176470588235293,120.52941176470588,0.412,0.3856093915556274,-10.200000000000003,80.15564202334629,0.12245669215917587,31.864730834960938
Task-AE,1,george,0,64,68,30.176470588235293,120.52941176470588,0.41,0.3789574737387912,-10.400000000000004,79.76653696498055,0.1782403290271759,37.85622787475586
DCT,1,george,0,128,132,15.545454545454545,62.09090909090909,0.5,0.49123206587482865,-1.4000000000000012,97.27626459143968,0.08567538857460022,27.656721115112305
Low-Mel,1,george,0,128,132,15.545454545454545,62.09090909090909,0.1,0.01818181818181818,-41.400000000000006,19.455252918287936,1.1742143630981445,94.55365753173828
AE-MSE,1,george,0,128,132,15.545454545454545,62.09090909090909,0.514,0.497062342527403,0.0,100.0,0.07994231581687927,26.021846771240234
Task-AE,1,george,0,128,132,15.545454545454545,62.09090909090909,0.472,0.4551594914169745,-4.200000000000004,91.82879377431905,0.10822173953056335,29.919570922851562
DCT,1,george,0,256,260,7.892307692307693,31.523076923076925,0.508,0.48920026883628165,-0.6000000000000005,98.83268482490271,0.06155572459101677,24.2182559967041
Low-Mel,1,george,0,256,260,7.892307692307693,31.523076923076925,0.1,0.01818181818181818,-41.400000000000006,19.455252918287936,1.1199666261672974,88.15170288085938
AE-MSE,1,george,0,256,260,7.892307692307693,31.523076923076925,0.512,0.4891535772272234,-0.20000000000000018,99.61089494163424,0.05562102422118187,22.467613220214844
Task-AE,1,george,0,256,260,7.892307692307693,31.523076923076925,0.528,0.5153634466193545,1.4000000000000012,102.72373540856032,0.10206622630357742,29.685117721557617
Original,2,jackson,0,2048,8196,0.25036603221083453,1.0,0.562,0.522702317293858,0.0,100.0,0.0,0.0
INT8,2,jackson,0,2048,2052,1.0,3.9941520467836256,0.562,0.5221336384110562,0.0,100.0,0.0003304377314634621,1.7691833972930908
DCT,2,jackson,0,64,68,30.176470588235293,120.52941176470588,0.406,0.3431659018388077,-15.600000000000003,72.24199288256227,0.0781334862112999,25.288633346557617
Low-Mel,2,jackson,0,64,68,30.176470588235293,120.52941176470588,0.1,0.01818181818181818,-46.20000000000001,17.79359430604982,0.9467498660087585,93.20016479492188
AE-MSE,2,jackson,0,64,68,30.176470588235293,120.52941176470588,0.462,0.4055171738725942,-10.000000000000004,82.20640569395017,0.07459358125925064,24.09791374206543
Task-AE,2,jackson,0,64,68,30.176470588235293,120.52941176470588,0.648,0.6286410404998888,8.599999999999996,115.30249110320283,0.11427085101604462,31.334346771240234
DCT,2,jackson,0,128,132,15.545454545454545,62.09090909090909,0.506,0.45129626265074796,-5.600000000000005,90.0355871886121,0.04999885335564613,20.524959564208984
Low-Mel,2,jackson,0,128,132,15.545454545454545,62.09090909090909,0.1,0.01818181818181818,-46.20000000000001,17.79359430604982,0.9201678037643433,90.18860626220703
AE-MSE,2,jackson,0,128,132,15.545454545454545,62.09090909090909,0.51,0.4646407659995847,-5.200000000000005,90.74733096085409,0.048484429717063904,19.419628143310547
Task-AE,2,jackson,0,128,132,15.545454545454545,62.09090909090909,0.596,0.5480481956774343,3.399999999999992,106.04982206405693,0.06714219599962234,23.44937515258789
DCT,2,jackson,0,256,260,7.892307692307693,31.523076923076925,0.536,0.48284270292495013,-2.6000000000000023,95.37366548042704,0.032137464731931686,16.791046142578125
Low-Mel,2,jackson,0,256,260,7.892307692307693,31.523076923076925,0.1,0.01818181818181818,-46.20000000000001,17.79359430604982,0.8666868209838867,83.44096374511719
AE-MSE,2,jackson,0,256,260,7.892307692307693,31.523076923076925,0.542,0.49349580238788543,-2.0000000000000018,96.44128113879003,0.0323588028550148,15.973955154418945
Task-AE,2,jackson,0,256,260,7.892307692307693,31.523076923076925,0.62,0.5881389567864369,5.799999999999994,110.32028469750888,0.07167930155992508,24.753664016723633
Original,3,lucas,0,2048,8196,0.25036603221083453,1.0,0.24,0.1810283910482488,0.0,100.0,0.0,0.0
INT8,3,lucas,0,2048,2052,1.0,3.9941520467836256,0.238,0.17800014707764794,-0.20000000000000018,99.16666666666666,0.00033206737134605646,1.7656809091567993
DCT,3,lucas,0,64,68,30.176470588235293,120.52941176470588,0.156,0.12505729639508661,-8.399999999999999,65.0,0.11419413238763809,29.819246292114258
Low-Mel,3,lucas,0,64,68,30.176470588235293,120.52941176470588,0.1,0.01818181818181818,-13.999999999999998,41.66666666666667,1.0408629179000854,94.8843994140625
AE-MSE,3,lucas,0,64,68,30.176470588235293,120.52941176470588,0.166,0.12665398761150334,-7.399999999999999,69.16666666666667,0.10244102776050568,27.777143478393555
Task-AE,3,lucas,0,64,68,30.176470588235293,120.52941176470588,0.272,0.1997543528670153,3.200000000000003,113.33333333333334,0.2858272194862366,48.82852554321289
DCT,3,lucas,0,128,132,15.545454545454545,62.09090909090909,0.204,0.16545909328592384,-3.6000000000000005,85.0,0.06990981847047806,23.235149383544922
Low-Mel,3,lucas,0,128,132,15.545454545454545,62.09090909090909,0.1,0.01818181818181818,-13.999999999999998,41.66666666666667,1.0122246742248535,91.76026153564453
AE-MSE,3,lucas,0,128,132,15.545454545454545,62.09090909090909,0.2,0.1533372184029918,-3.9999999999999982,83.33333333333334,0.06129561364650726,21.759952545166016
Task-AE,3,lucas,0,128,132,15.545454545454545,62.09090909090909,0.21,0.16194538388236362,-3.0,87.5,0.23598235845565796,44.67427444458008
DCT,3,lucas,0,256,260,7.892307692307693,31.523076923076925,0.232,0.17666202834760625,-0.7999999999999979,96.66666666666669,0.040358513593673706,18.090078353881836
Low-Mel,3,lucas,0,256,260,7.892307692307693,31.523076923076925,0.1,0.01818181818181818,-13.999999999999998,41.66666666666667,0.961130678653717,85.6781234741211
AE-MSE,3,lucas,0,256,260,7.892307692307693,31.523076923076925,0.224,0.17299897604618017,-1.5999999999999988,93.33333333333334,0.03857346996665001,17.454299926757812
Task-AE,3,lucas,0,256,260,7.892307692307693,31.523076923076925,0.26,0.2138769707770522,2.0000000000000018,108.33333333333334,0.2091161161661148,42.430389404296875
Original,4,nicolas,0,2048,8196,0.25036603221083453,1.0,0.27,0.21730257520811674,0.0,100.0,0.0,0.0
INT8,4,nicolas,0,2048,2052,1.0,3.9941520467836256,0.268,0.21449732862005105,-0.20000000000000018,99.25925925925925,0.00032617629040032625,1.7582765817642212
DCT,4,nicolas,0,64,68,30.176470588235293,120.52941176470588,0.206,0.11648275889608861,-6.400000000000003,76.29629629629628,0.08835990726947784,26.985218048095703
Low-Mel,4,nicolas,0,64,68,30.176470588235293,120.52941176470588,0.1,0.01818181818181818,-17.0,37.03703703703704,1.0144250392913818,95.46534729003906
AE-MSE,4,nicolas,0,64,68,30.176470588235293,120.52941176470588,0.22,0.16024071871504098,-5.000000000000002,81.48148148148148,0.082956463098526,25.283004760742188
Task-AE,4,nicolas,0,64,68,30.176470588235293,120.52941176470588,0.294,0.23602223030060618,2.399999999999997,108.88888888888887,0.09955501556396484,28.56790542602539
DCT,4,nicolas,0,128,132,15.545454545454545,62.09090909090909,0.22,0.1760620819011073,-5.000000000000002,81.48148148148148,0.059219203889369965,22.161012649536133
Low-Mel,4,nicolas,0,128,132,15.545454545454545,62.09090909090909,0.1,0.01818181818181818,-17.0,37.03703703703704,0.9791540503501892,92.03701782226562
AE-MSE,4,nicolas,0,128,132,15.545454545454545,62.09090909090909,0.27,0.22775096815629187,0.0,100.0,0.04862682893872261,19.5839786529541
Task-AE,4,nicolas,0,128,132,15.545454545454545,62.09090909090909,0.286,0.23042599664602234,1.5999999999999959,105.92592592592591,0.06851314753293991,23.066532135009766
DCT,4,nicolas,0,256,260,7.892307692307693,31.523076923076925,0.244,0.20865486634921865,-2.6000000000000023,90.37037037037035,0.03908967599272728,18.397672653198242
Low-Mel,4,nicolas,0,256,260,7.892307692307693,31.523076923076925,0.1,0.01818181818181818,-17.0,37.03703703703704,0.905980110168457,84.20269012451172
AE-MSE,4,nicolas,0,256,260,7.892307692307693,31.523076923076925,0.244,0.20931857065080606,-2.6000000000000023,90.37037037037035,0.03538193553686142,16.717967987060547
Task-AE,4,nicolas,0,256,260,7.892307692307693,31.523076923076925,0.284,0.23441152225528658,1.3999999999999957,105.18518518518518,0.05775924026966095,21.659648895263672
Original,5,theo,0,2048,8196,0.25036603221083453,1.0,0.438,0.3445060509842266,0.0,100.0,0.0,0.0
INT8,5,theo,0,2048,2052,1.0,3.9941520467836256,0.436,0.3429558454645555,-0.20000000000000018,99.5433789954338,0.0003316003712825477,1.7712178230285645
DCT,5,theo,0,64,68,30.176470588235293,120.52941176470588,0.392,0.3010188561015122,-4.599999999999999,89.49771689497717,0.19076451659202576,42.99916076660156
Low-Mel,5,theo,0,64,68,30.176470588235293,120.52941176470588,0.1,0.01821493624772313,-33.8,22.831050228310502,0.8008500933647156,92.65220642089844
AE-MSE,5,theo,0,64,68,30.176470588235293,120.52941176470588,0.43,0.34253778758380066,-0.8000000000000007,98.17351598173516,0.15566912293434143,38.6353759765625
Task-AE,5,theo,0,64,68,30.176470588235293,120.52941176470588,0.446,0.3827746658634259,0.8000000000000007,101.82648401826485,0.21367329359054565,46.11350631713867
DCT,5,theo,0,128,132,15.545454545454545,62.09090909090909,0.466,0.3817441811733007,2.8000000000000025,106.39269406392694,0.12923620641231537,35.880584716796875
Low-Mel,5,theo,0,128,132,15.545454545454545,62.09090909090909,0.11,0.02954091070460958,-32.800000000000004,25.114155251141554,0.7546207308769226,87.85761260986328
AE-MSE,5,theo,0,128,132,15.545454545454545,62.09090909090909,0.466,0.37692893483918144,2.8000000000000025,106.39269406392694,0.10927685350179672,32.85462188720703
Task-AE,5,theo,0,128,132,15.545454545454545,62.09090909090909,0.484,0.4425574129916079,4.599999999999999,110.50228310502283,0.1589888483285904,39.957427978515625
DCT,5,theo,0,256,260,7.892307692307693,31.523076923076925,0.482,0.4050513354717259,4.399999999999999,110.04566210045661,0.09049664437770844,30.577802658081055
Low-Mel,5,theo,0,256,260,7.892307692307693,31.523076923076925,0.138,0.0458041958041958,-30.0,31.506849315068497,0.6690157055854797,77.94562530517578
AE-MSE,5,theo,0,256,260,7.892307692307693,31.523076923076925,0.466,0.3726691201598902,2.8000000000000025,106.39269406392694,0.07816020399332047,27.945253372192383
Task-AE,5,theo,0,256,260,7.892307692307693,31.523076923076925,0.462,0.3958797910614168,2.400000000000002,105.47945205479452,0.132393017411232,36.85397720336914
Original,6,yweweler,0,2048,8196,0.25036603221083453,1.0,0.516,0.4858679662558919,0.0,100.0,0.0,0.0
INT8,6,yweweler,0,2048,2052,1.0,3.9941520467836256,0.518,0.48930573037945074,0.20000000000000018,100.38759689922482,0.00032979442039504647,1.7645882368087769
DCT,6,yweweler,0,64,68,30.176470588235293,120.52941176470588,0.38,0.3129534849090074,-13.600000000000001,73.64341085271317,0.19187727570533752,39.88597106933594
Low-Mel,6,yweweler,0,64,68,30.176470588235293,120.52941176470588,0.1,0.01818181818181818,-41.6,19.37984496124031,0.947529137134552,94.56741333007812
AE-MSE,6,yweweler,0,64,68,30.176470588235293,120.52941176470588,0.378,0.3342614532422017,-13.8,73.25581395348837,0.10007437318563461,29.47264289855957
Task-AE,6,yweweler,0,64,68,30.176470588235293,120.52941176470588,0.518,0.5002285672657913,0.20000000000000018,100.38759689922482,0.1451069414615631,35.494747161865234
DCT,6,yweweler,0,128,132,15.545454545454545,62.09090909090909,0.452,0.4188583937854064,-6.4,87.59689922480621,0.10351376235485077,30.000051498413086
Low-Mel,6,yweweler,0,128,132,15.545454545454545,62.09090909090909,0.1,0.01818181818181818,-41.6,19.37984496124031,0.9190289378166199,91.3271255493164
AE-MSE,6,yweweler,0,128,132,15.545454545454545,62.09090909090909,0.464,0.43349904538668727,-5.199999999999999,89.92248062015504,0.059663206338882446,23.305980682373047
Task-AE,6,yweweler,0,128,132,15.545454545454545,62.09090909090909,0.516,0.48843236351573865,0.0,100.0,0.10295654088258743,30.129602432250977
DCT,6,yweweler,0,256,260,7.892307692307693,31.523076923076925,0.494,0.4605820363733725,-2.200000000000002,95.73643410852712,0.05963383615016937,23.368000030517578
Low-Mel,6,yweweler,0,256,260,7.892307692307693,31.523076923076925,0.1,0.01818181818181818,-41.6,19.37984496124031,0.8547097444534302,83.61576843261719
AE-MSE,6,yweweler,0,256,260,7.892307692307693,31.523076923076925,0.504,0.47201681311458304,-1.200000000000001,97.67441860465115,0.04112841933965683,19.756023406982422
Task-AE,6,yweweler,0,256,260,7.892307692307693,31.523076923076925,0.518,0.48853708327133044,0.20000000000000018,100.38759689922482,0.0917920172214508,28.751201629638672
Original,1,george,1,2048,8196,0.25036603221083453,1.0,0.54,0.5325990518076089,0.0,100.0,0.0,0.0
INT8,1,george,1,2048,2052,1.0,3.9941520467836256,0.54,0.53159728986567,0.0,100.0,0.00032807039679028094,1.7623029947280884
DCT,1,george,1,64,68,30.176470588235293,120.52941176470588,0.418,0.39195883623385164,-12.200000000000005,77.40740740740739,0.1275218427181244,32.57369613647461
Low-Mel,1,george,1,64,68,30.176470588235293,120.52941176470588,0.1,0.01818181818181818,-44.00000000000001,18.51851851851852,1.1996312141418457,97.38890075683594
DCT,1,george,1,128,132,15.545454545454545,62.09090909090909,0.548,0.5479140160350334,0.8000000000000007,101.48148148148148,0.08567538857460022,27.656721115112305
Low-Mel,1,george,1,128,132,15.545454545454545,62.09090909090909,0.1,0.01818181818181818,-44.00000000000001,18.51851851851852,1.1742143630981445,94.55365753173828
AE-MSE,1,george,1,128,132,15.545454545454545,62.09090909090909,0.506,0.5065445639439893,-3.400000000000003,93.7037037037037,0.07932023704051971,26.445371627807617
Task-AE,1,george,1,128,132,15.545454545454545,62.09090909090909,0.522,0.5154957971878524,-1.8000000000000016,96.66666666666667,0.10802047699689865,30.67658233642578
DCT,1,george,1,256,260,7.892307692307693,31.523076923076925,0.528,0.52390055694429,-1.200000000000001,97.77777777777779,0.06155572459101677,24.2182559967041
Low-Mel,1,george,1,256,260,7.892307692307693,31.523076923076925,0.1,0.01818181818181818,-44.00000000000001,18.51851851851852,1.1199666261672974,88.15170288085938
Original,2,jackson,1,2048,8196,0.25036603221083453,1.0,0.61,0.5829698021756251,0.0,100.0,0.0,0.0
INT8,2,jackson,1,2048,2052,1.0,3.9941520467836256,0.612,0.5845393878143562,0.20000000000000018,100.327868852459,0.0003304377314634621,1.7691833972930908
DCT,2,jackson,1,64,68,30.176470588235293,120.52941176470588,0.412,0.3549569558725395,-19.8,67.54098360655738,0.0781334862112999,25.288633346557617
Low-Mel,2,jackson,1,64,68,30.176470588235293,120.52941176470588,0.1,0.01818181818181818,-51.0,16.39344262295082,0.9467498660087585,93.20016479492188
DCT,2,jackson,1,128,132,15.545454545454545,62.09090909090909,0.55,0.5370662504853373,-5.999999999999995,90.16393442622952,0.04999885335564613,20.524959564208984
Low-Mel,2,jackson,1,128,132,15.545454545454545,62.09090909090909,0.1,0.01818181818181818,-51.0,16.39344262295082,0.9201678037643433,90.18860626220703
AE-MSE,2,jackson,1,128,132,15.545454545454545,62.09090909090909,0.548,0.5213064813704091,-6.199999999999994,89.8360655737705,0.049209412187337875,19.569313049316406
Task-AE,2,jackson,1,128,132,15.545454545454545,62.09090909090909,0.592,0.5543530030114703,-1.8000000000000016,97.04918032786885,0.062071580439805984,22.19633674621582
DCT,2,jackson,1,256,260,7.892307692307693,31.523076923076925,0.576,0.5457489206837939,-3.400000000000003,94.42622950819671,0.032137464731931686,16.791046142578125
Low-Mel,2,jackson,1,256,260,7.892307692307693,31.523076923076925,0.1,0.01818181818181818,-51.0,16.39344262295082,0.8666868209838867,83.44096374511719
Original,3,lucas,1,2048,8196,0.25036603221083453,1.0,0.256,0.1966790299637194,0.0,100.0,0.0,0.0
INT8,3,lucas,1,2048,2052,1.0,3.9941520467836256,0.256,0.1966790299637194,0.0,100.0,0.00033206737134605646,1.7656809091567993
DCT,3,lucas,1,64,68,30.176470588235293,120.52941176470588,0.276,0.19330216215071166,2.0000000000000018,107.8125,0.11419413238763809,29.819246292114258
Low-Mel,3,lucas,1,64,68,30.176470588235293,120.52941176470588,0.1,0.01818181818181818,-15.6,39.0625,1.0408629179000854,94.8843994140625
DCT,3,lucas,1,128,132,15.545454545454545,62.09090909090909,0.298,0.23275542358878307,4.199999999999998,116.40624999999999,0.06990981847047806,23.235149383544922
Low-Mel,3,lucas,1,128,132,15.545454545454545,62.09090909090909,0.1,0.01818181818181818,-15.6,39.0625,1.0122246742248535,91.76026153564453
AE-MSE,3,lucas,1,128,132,15.545454545454545,62.09090909090909,0.28,0.21732560770712822,2.400000000000002,109.37500000000001,0.06184469908475876,21.873367309570312
Task-AE,3,lucas,1,128,132,15.545454545454545,62.09090909090909,0.308,0.26113503799104193,5.199999999999999,120.3125,0.08863435685634613,26.53986930847168
DCT,3,lucas,1,256,260,7.892307692307693,31.523076923076925,0.254,0.19540785520742743,-0.20000000000000018,99.21874999999999,0.040358513593673706,18.090078353881836
Low-Mel,3,lucas,1,256,260,7.892307692307693,31.523076923076925,0.1,0.01818181818181818,-15.6,39.0625,0.961130678653717,85.6781234741211
Original,4,nicolas,1,2048,8196,0.25036603221083453,1.0,0.334,0.30283125955437185,0.0,99.99999999999999,0.0,0.0
INT8,4,nicolas,1,2048,2052,1.0,3.9941520467836256,0.334,0.3017244511263621,0.0,99.99999999999999,0.00032617629040032625,1.7582765817642212
DCT,4,nicolas,1,64,68,30.176470588235293,120.52941176470588,0.23,0.18915064942256105,-10.4,68.86227544910179,0.08835990726947784,26.985218048095703
Low-Mel,4,nicolas,1,64,68,30.176470588235293,120.52941176470588,0.1,0.01818181818181818,-23.400000000000002,29.94011976047904,1.0144250392913818,95.46534729003906
DCT,4,nicolas,1,128,132,15.545454545454545,62.09090909090909,0.328,0.30313636219000173,-0.6000000000000005,98.20359281437126,0.059219203889369965,22.161012649536133
Low-Mel,4,nicolas,1,128,132,15.545454545454545,62.09090909090909,0.1,0.01818181818181818,-23.400000000000002,29.94011976047904,0.9791540503501892,92.03701782226562
AE-MSE,4,nicolas,1,128,132,15.545454545454545,62.09090909090909,0.288,0.26823405367680625,-4.600000000000004,86.22754491017963,0.05010828748345375,19.908361434936523
Task-AE,4,nicolas,1,128,132,15.545454545454545,62.09090909090909,0.32,0.29663305607123464,-1.4000000000000012,95.80838323353292,0.0647486001253128,22.575225830078125
DCT,4,nicolas,1,256,260,7.892307692307693,31.523076923076925,0.342,0.31456971293109237,0.8000000000000007,102.39520958083833,0.03908967599272728,18.397672653198242
Low-Mel,4,nicolas,1,256,260,7.892307692307693,31.523076923076925,0.1,0.01818181818181818,-23.400000000000002,29.94011976047904,0.905980110168457,84.20269012451172
Original,5,theo,1,2048,8196,0.25036603221083453,1.0,0.436,0.3691852515977076,0.0,100.0,0.0,0.0
INT8,5,theo,1,2048,2052,1.0,3.9941520467836256,0.436,0.3698772151950405,0.0,100.0,0.0003316003712825477,1.7712178230285645
DCT,5,theo,1,64,68,30.176470588235293,120.52941176470588,0.456,0.387670368575615,2.0000000000000018,104.58715596330275,0.19076451659202576,42.99916076660156
Low-Mel,5,theo,1,64,68,30.176470588235293,120.52941176470588,0.1,0.01818181818181818,-33.599999999999994,22.93577981651376,0.8008500933647156,92.65220642089844
DCT,5,theo,1,128,132,15.545454545454545,62.09090909090909,0.46,0.3959650434093609,2.400000000000002,105.5045871559633,0.12923620641231537,35.880584716796875
Low-Mel,5,theo,1,128,132,15.545454545454545,62.09090909090909,0.1,0.01821493624772313,-33.599999999999994,22.93577981651376,0.7546207308769226,87.85761260986328
AE-MSE,5,theo,1,128,132,15.545454545454545,62.09090909090909,0.446,0.3784929549196623,1.0000000000000009,102.29357798165138,0.10755711048841476,32.617984771728516
Task-AE,5,theo,1,128,132,15.545454545454545,62.09090909090909,0.448,0.3913833144364115,1.200000000000001,102.75229357798166,0.13470296561717987,36.650962829589844
DCT,5,theo,1,256,260,7.892307692307693,31.523076923076925,0.462,0.40299916482549003,2.6000000000000023,105.96330275229359,0.09049664437770844,30.577802658081055
Low-Mel,5,theo,1,256,260,7.892307692307693,31.523076923076925,0.168,0.06375703037120359,-26.8,38.53211009174312,0.6690157055854797,77.94562530517578
Original,6,yweweler,1,2048,8196,0.25036603221083453,1.0,0.494,0.44946520314661287,0.0,100.0,0.0,0.0
INT8,6,yweweler,1,2048,2052,1.0,3.9941520467836256,0.494,0.4492457256180584,0.0,100.0,0.00032979442039504647,1.7645882368087769
DCT,6,yweweler,1,64,68,30.176470588235293,120.52941176470588,0.358,0.2883277513810329,-13.600000000000001,72.46963562753037,0.19187727570533752,39.88597106933594
Low-Mel,6,yweweler,1,64,68,30.176470588235293,120.52941176470588,0.1,0.01818181818181818,-39.4,20.242914979757085,0.947529137134552,94.56741333007812
DCT,6,yweweler,1,128,132,15.545454545454545,62.09090909090909,0.456,0.39430691321785777,-3.799999999999998,92.3076923076923,0.10351376235485077,30.000051498413086
Low-Mel,6,yweweler,1,128,132,15.545454545454545,62.09090909090909,0.1,0.01818181818181818,-39.4,20.242914979757085,0.9190289378166199,91.3271255493164
AE-MSE,6,yweweler,1,128,132,15.545454545454545,62.09090909090909,0.45,0.3986427611251554,-4.399999999999999,91.09311740890688,0.05982828140258789,23.357969284057617
Task-AE,6,yweweler,1,128,132,15.545454545454545,62.09090909090909,0.512,0.4668105590659561,1.8000000000000016,103.64372469635629,0.0810314193367958,26.88983917236328
DCT,6,yweweler,1,256,260,7.892307692307693,31.523076923076925,0.48,0.43142597211308076,-1.4000000000000012,97.16599190283401,0.05963383615016937,23.368000030517578
Low-Mel,6,yweweler,1,256,260,7.892307692307693,31.523076923076925,0.1,0.01818181818181818,-39.4,20.242914979757085,0.8547097444534302,83.61576843261719
Original,1,george,2,2048,8196,0.25036603221083453,1.0,0.492,0.4696070277061736,0.0,100.00000000000001,0.0,0.0
INT8,1,george,2,2048,2052,1.0,3.9941520467836256,0.49,0.4670999115046281,-0.20000000000000018,99.59349593495935,0.00032807039679028094,1.7623029947280884
DCT,1,george,2,64,68,30.176470588235293,120.52941176470588,0.496,0.46734463602927934,0.40000000000000036,100.8130081300813,0.1275218427181244,32.57369613647461
Low-Mel,1,george,2,64,68,30.176470588235293,120.52941176470588,0.1,0.01818181818181818,-39.2,20.32520325203252,1.1996312141418457,97.38890075683594
DCT,1,george,2,128,132,15.545454545454545,62.09090909090909,0.524,0.4990437628948297,3.200000000000003,106.50406504065042,0.08567538857460022,27.656721115112305
Low-Mel,1,george,2,128,132,15.545454545454545,62.09090909090909,0.1,0.01818181818181818,-39.2,20.32520325203252,1.1742143630981445,94.55365753173828
AE-MSE,1,george,2,128,132,15.545454545454545,62.09090909090909,0.506,0.4896126290863584,1.4000000000000012,102.84552845528455,0.08164482563734055,26.240901947021484
Task-AE,1,george,2,128,132,15.545454545454545,62.09090909090909,0.512,0.490651712025016,2.0000000000000018,104.06504065040652,0.10946333408355713,31.26033592224121
DCT,1,george,2,256,260,7.892307692307693,31.523076923076925,0.496,0.46903329056767706,0.40000000000000036,100.8130081300813,0.06155572459101677,24.2182559967041
Low-Mel,1,george,2,256,260,7.892307692307693,31.523076923076925,0.1,0.01818181818181818,-39.2,20.32520325203252,1.1199666261672974,88.15170288085938
Original,2,jackson,2,2048,8196,0.25036603221083453,1.0,0.622,0.5855958776977941,0.0,100.0,0.0,0.0
INT8,2,jackson,2,2048,2052,1.0,3.9941520467836256,0.622,0.5862504319518212,0.0,100.0,0.0003304377314634621,1.7691833972930908
DCT,2,jackson,2,64,68,30.176470588235293,120.52941176470588,0.51,0.4537821841782482,-11.2,81.9935691318328,0.0781334862112999,25.288633346557617
Low-Mel,2,jackson,2,64,68,30.176470588235293,120.52941176470588,0.1,0.01818181818181818,-52.2,16.077170418006432,0.9467498660087585,93.20016479492188
DCT,2,jackson,2,128,132,15.545454545454545,62.09090909090909,0.608,0.5773384350618131,-1.4000000000000012,97.74919614147909,0.04999885335564613,20.524959564208984
Low-Mel,2,jackson,2,128,132,15.545454545454545,62.09090909090909,0.1,0.01818181818181818,-52.2,16.077170418006432,0.9201678037643433,90.18860626220703
AE-MSE,2,jackson,2,128,132,15.545454545454545,62.09090909090909,0.586,0.5483414266365814,-3.600000000000003,94.21221864951768,0.0478411540389061,19.352413177490234
Task-AE,2,jackson,2,128,132,15.545454545454545,62.09090909090909,0.634,0.6085353021018951,1.200000000000001,101.92926045016077,0.07760104537010193,25.34745979309082
DCT,2,jackson,2,256,260,7.892307692307693,31.523076923076925,0.626,0.5896964288082003,0.40000000000000036,100.64308681672026,0.032137464731931686,16.791046142578125
Low-Mel,2,jackson,2,256,260,7.892307692307693,31.523076923076925,0.1,0.01818181818181818,-52.2,16.077170418006432,0.8666868209838867,83.44096374511719
Original,3,lucas,2,2048,8196,0.25036603221083453,1.0,0.272,0.20569903384327076,0.0,100.0,0.0,0.0
INT8,3,lucas,2,2048,2052,1.0,3.9941520467836256,0.272,0.20576428598322258,0.0,100.0,0.00033206737134605646,1.7656809091567993
DCT,3,lucas,2,64,68,30.176470588235293,120.52941176470588,0.29,0.22273420456392587,1.799999999999996,106.61764705882351,0.11419413238763809,29.819246292114258
Low-Mel,3,lucas,2,64,68,30.176470588235293,120.52941176470588,0.1,0.01818181818181818,-17.200000000000003,36.76470588235294,1.0408629179000854,94.8843994140625
DCT,3,lucas,2,128,132,15.545454545454545,62.09090909090909,0.288,0.22373259169195325,1.5999999999999959,105.88235294117645,0.06990981847047806,23.235149383544922
Low-Mel,3,lucas,2,128,132,15.545454545454545,62.09090909090909,0.1,0.01818181818181818,-17.200000000000003,36.76470588235294,1.0122246742248535,91.76026153564453
AE-MSE,3,lucas,2,128,132,15.545454545454545,62.09090909090909,0.276,0.21314790773902628,0.40000000000000036,101.47058823529412,0.06319420784711838,22.120229721069336
Task-AE,3,lucas,2,128,132,15.545454545454545,62.09090909090909,0.306,0.2562289174172021,3.3999999999999977,112.49999999999999,0.07911797612905502,24.872493743896484
DCT,3,lucas,2,256,260,7.892307692307693,31.523076923076925,0.274,0.2099364252774229,0.20000000000000018,100.73529411764706,0.040358513593673706,18.090078353881836
Low-Mel,3,lucas,2,256,260,7.892307692307693,31.523076923076925,0.1,0.01818181818181818,-17.200000000000003,36.76470588235294,0.961130678653717,85.6781234741211
Original,4,nicolas,2,2048,8196,0.25036603221083453,1.0,0.386,0.3509932788734614,0.0,100.0,0.0,0.0
INT8,4,nicolas,2,2048,2052,1.0,3.9941520467836256,0.382,0.3496505264506534,-0.40000000000000036,98.9637305699482,0.00032617629040032625,1.7582765817642212
DCT,4,nicolas,2,64,68,30.176470588235293,120.52941176470588,0.224,0.20513311889072536,-16.2,58.03108808290156,0.08835990726947784,26.985218048095703
Low-Mel,4,nicolas,2,64,68,30.176470588235293,120.52941176470588,0.1,0.01818181818181818,-28.6,25.906735751295336,1.0144250392913818,95.46534729003906
DCT,4,nicolas,2,128,132,15.545454545454545,62.09090909090909,0.336,0.30621364770888254,-4.999999999999999,87.04663212435233,0.059219203889369965,22.161012649536133
Low-Mel,4,nicolas,2,128,132,15.545454545454545,62.09090909090909,0.1,0.01818181818181818,-28.6,25.906735751295336,0.9791540503501892,92.03701782226562
AE-MSE,4,nicolas,2,128,132,15.545454545454545,62.09090909090909,0.326,0.2931008727784067,-6.0,84.4559585492228,0.05246777832508087,20.288972854614258
Task-AE,4,nicolas,2,128,132,15.545454545454545,62.09090909090909,0.332,0.2885364681699321,-5.3999999999999995,86.01036269430053,0.07249690592288971,24.048917770385742
DCT,4,nicolas,2,256,260,7.892307692307693,31.523076923076925,0.388,0.35654269269645217,0.20000000000000018,100.51813471502591,0.03908967599272728,18.397672653198242
Low-Mel,4,nicolas,2,256,260,7.892307692307693,31.523076923076925,0.1,0.01818181818181818,-28.6,25.906735751295336,0.905980110168457,84.20269012451172
Original,5,theo,2,2048,8196,0.25036603221083453,1.0,0.452,0.38099931829287226,0.0,100.0,0.0,0.0
INT8,5,theo,2,2048,2052,1.0,3.9941520467836256,0.452,0.3811532202809733,0.0,100.0,0.0003316003712825477,1.7712178230285645
DCT,5,theo,2,64,68,30.176470588235293,120.52941176470588,0.4,0.33866055974101544,-5.199999999999999,88.49557522123894,0.19076451659202576,42.99916076660156
Low-Mel,5,theo,2,64,68,30.176470588235293,120.52941176470588,0.1,0.01818181818181818,-35.199999999999996,22.123893805309734,0.8008500933647156,92.65220642089844
DCT,5,theo,2,128,132,15.545454545454545,62.09090909090909,0.468,0.3939823838544906,1.6000000000000014,103.53982300884957,0.12923620641231537,35.880584716796875
Low-Mel,5,theo,2,128,132,15.545454545454545,62.09090909090909,0.1,0.01818181818181818,-35.199999999999996,22.123893805309734,0.7546207308769226,87.85761260986328
AE-MSE,5,theo,2,128,132,15.545454545454545,62.09090909090909,0.486,0.412633235474427,3.3999999999999977,107.52212389380531,0.10979039967060089,33.03179931640625
Task-AE,5,theo,2,128,132,15.545454545454545,62.09090909090909,0.476,0.41004114478043086,2.399999999999997,105.30973451327432,0.16568900644779205,40.28460693359375
DCT,5,theo,2,256,260,7.892307692307693,31.523076923076925,0.474,0.40847245579393954,2.1999999999999966,104.86725663716814,0.09049664437770844,30.577802658081055
Low-Mel,5,theo,2,256,260,7.892307692307693,31.523076923076925,0.1,0.01818181818181818,-35.199999999999996,22.123893805309734,0.6690157055854797,77.94562530517578
Original,6,yweweler,2,2048,8196,0.25036603221083453,1.0,0.52,0.48092772782680226,0.0,100.0,0.0,0.0
INT8,6,yweweler,2,2048,2052,1.0,3.9941520467836256,0.518,0.4791380626549291,-0.20000000000000018,99.61538461538461,0.00032979442039504647,1.7645882368087769
DCT,6,yweweler,2,64,68,30.176470588235293,120.52941176470588,0.31,0.22928545111961202,-21.000000000000004,59.61538461538461,0.19187727570533752,39.88597106933594
Low-Mel,6,yweweler,2,64,68,30.176470588235293,120.52941176470588,0.1,0.01818181818181818,-42.00000000000001,19.23076923076923,0.947529137134552,94.56741333007812
DCT,6,yweweler,2,128,132,15.545454545454545,62.09090909090909,0.394,0.32921340144609246,-12.6,75.76923076923076,0.10351376235485077,30.000051498413086
Low-Mel,6,yweweler,2,128,132,15.545454545454545,62.09090909090909,0.1,0.01818181818181818,-42.00000000000001,19.23076923076923,0.9190289378166199,91.3271255493164
AE-MSE,6,yweweler,2,128,132,15.545454545454545,62.09090909090909,0.468,0.41446642232896114,-5.199999999999999,90.0,0.06226818636059761,23.754899978637695
Task-AE,6,yweweler,2,128,132,15.545454545454545,62.09090909090909,0.52,0.47458595644629326,0.0,100.0,0.09938286244869232,29.821218490600586
DCT,6,yweweler,2,256,260,7.892307692307693,31.523076923076925,0.496,0.45627636497388047,-2.400000000000002,95.38461538461539,0.05963383615016937,23.368000030517578
Low-Mel,6,yweweler,2,256,260,7.892307692307693,31.523076923076925,0.1,0.01818181818181818,-42.00000000000001,19.23076923076923,0.8547097444534302,83.61576843261719
