scope,method,d,bytes,Accuracy_mean,Accuracy_std,Macro_F1_mean,Macro_F1_std,Delta_A_pp_mean,Delta_A_pp_std,R_acc_mean,R_acc_std,MSE_mean,MSE_std,PRD_spec_mean,PRD_spec_std,n_runs,CR_INT8,CR_FP32
"seed 0, 6 folds",AE-MSE,64,68,0.3446666666666667,0.1217845091408044,0.29247008543012804,0.11890117870827002,-7.866666666666668,4.5513367999596195,80.73992096677803,9.969194344205452,0.10636521006623904,0.029333227872592585,29.521801948547363,5.272167713499585,6,30.176470588235293,120.52941176470588
"seed 0, 6 folds",AE-MSE,128,132,0.40399999999999997,0.13442618792482364,0.35886987921869,0.13828674762156443,-1.9333333333333333,3.331466143707103,95.06597316304492,8.482274122015928,0.06788154132664204,0.02331069073493016,23.824334780375164,5.065324665048249,6,15.545454545454545,62.09090909090909
"seed 0, 6 folds",AE-MSE,256,260,0.41533333333333333,0.1426753891414587,0.3682754765977614,0.14454993865423776,-0.8000000000000003,1.939071942966533,97.30383207545101,5.52537838134225,0.046870642652114235,0.017320542226781865,20.052518844604492,4.532560015093388,6,7.892307692307693,31.523076923076925
"seed 0, 6 folds",DCT,64,68,0.31833333333333336,0.1082176818577568,0.2576062752081994,0.10745926361336954,-10.500000000000002,4.6229860479997145,74.77730878736905,8.125357786957757,0.13180852681398392,0.049358886534541395,32.92532094319662,7.117697079280455,6,30.176470588235293,120.52941176470588
"seed 0, 6 folds",DCT,128,132,0.3913333333333333,0.14047158668807963,0.34744201311188583,0.14158183959340445,-3.200000000000001,3.4246167668806407,91.29715442504441,9.1094467998638,0.08292553884287675,0.029636735523901576,26.57641315460205,5.774701187457343,6,15.545454545454545,62.09090909090909
"seed 0, 6 folds",DCT,256,260,0.416,0.13909996405463232,0.37049887305052587,0.1412701039254066,-0.7333333333333344,2.664332311605793,97.83758059189175,6.597627584034415,0.05387864323953787,0.02148080134277433,21.907142639160156,5.209923169024065,6,7.892307692307693,31.523076923076925
"seed 0, 6 folds",INT8,2048,2052,0.4223333333333333,0.137610561610171,0.37176386393402033,0.14970756354401474,-0.10000000000000009,0.16733200530681525,99.66129946036979,0.46151268686969327,0.0003296910969462867,2.228931645547297e-06,1.76520832379659,0.004669327996969445,6,1.0,3.9941520467836256
"seed 0, 6 folds",Low-Mel,64,68,0.10000000000000002,0.0,0.018187337859469004,1.3520393789165558e-05,-32.333333333333336,13.665528407883347,26.360574352932048,10.300757758411763,0.9916747113068899,0.13157816872068487,94.69307200113933,1.6917566211144341,6,30.176470588235293,120.52941176470588
"seed 0, 6 folds",Low-Mel,128,132,0.10166666666666667,0.004082482904638627,0.02007500026895008,0.0046373301036504375,-32.16666666666667,13.650152624299363,26.741091856737217,10.185826530961643,0.9599017600218455,0.13742481993629335,91.28738021850586,2.2102638083116655,6,15.545454545454545,62.09090909090909
"seed 0, 6 folds",Low-Mel,256,260,0.10633333333333334,0.015513435037626797,0.022785547785547783,0.01127678844288293,-31.700000000000003,13.672015213566729,27.806540867391714,10.315132015261808,0.8962482810020447,0.14736913194755794,83.83914566040039,3.37799295906529,6,7.892307692307693,31.523076923076925
"seed 0, 6 folds",Original,2048,8196,0.42333333333333334,0.13665528407883346,0.37318182771314534,0.1484646747430076,0.0,0.0,100.0,0.0,0.0,0.0,0.0,0.0,6,0.25036603221083453,1.0
"seed 0, 6 folds",Task-AE,64,68,0.43133333333333335,0.1409775395822564,0.38772972175591974,0.1607144429892769,0.7999999999999988,6.244357452933008,103.2508885346492,12.96476765273388,0.17277894169092178,0.06932931199712407,38.03254318237305,8.03457402817854,6,30.176470588235293,120.52941176470588
"seed 0, 6 folds",Task-AE,128,132,0.42733333333333334,0.14746208552257312,0.3877614740216902,0.15434954344857693,0.3999999999999971,3.4917044548472305,100.30113747822078,8.99432492188525,0.12363413845499356,0.06444663890715503,31.866130510965984,8.770370255259628,6,15.545454545454545,62.09090909090909
"seed 0, 6 folds",Task-AE,256,260,0.44533333333333336,0.14372009833932997,0.4060346284618129,0.15388541752705648,2.1999999999999993,1.9141577782408616,105.40493126310118,3.609779358536461,0.11080098648866017,0.05461437639408249,30.68899981180827,7.7121644928193795,6,7.892307692307693,31.523076923076925
all seeds x 6 folds,AE-MSE,128,132,0.42166666666666663,0.11514747577116308,0.3786148995610584,0.12164162509467492,-2.022222222222222,3.3542870822375,95.74618146331144,8.142747971352318,0.06846465708480941,0.02144776625094975,23.972644064161514,4.70029068338073,18,15.545454545454545,62.09090909090909
all seeds x 6 folds,DCT,128,132,0.4225555555555556,0.11797867315859015,0.37918446168087505,0.1267794095816475,-1.9333333333333331,4.397325390306623,96.01898693120795,10.556022393640998,0.08292553884287675,0.027838865540299997,26.57641315460205,5.424387236016068,18,15.545454545454545,62.09090909090909
all seeds x 6 folds,INT8,2048,2052,0.44122222222222224,0.1230918143957665,0.3962945956674198,0.1346833329269065,-0.06666666666666672,0.15339299776947424,99.80379315194278,0.3876669817822974,0.0003296910969462867,2.093716709415168e-06,1.76520832379659,0.00438606992211934,18,1.0,3.9941520467836256
all seeds x 6 folds,Low-Mel,128,132,0.10055555555555556,0.0023570226039551583,0.01881471877007909,0.0026769159489809587,-34.13333333333334,12.261465222874659,24.887128065467152,8.345846011253883,0.9599017600218455,0.1290881406631644,91.28738021850586,2.0761813297067024,18,15.545454545454545,62.09090909090909
all seeds x 6 folds,Original,2048,8196,0.44188888888888894,0.12257333405852279,0.39703571270916066,0.1341552495803129,0.0,0.0,100.0,4.874282954645788e-15,0.0,0.0,0.0,0.0,18,0.25036603221083453,1.0
all seeds x 6 folds,Task-AE,128,132,0.44699999999999995,0.12267652347439875,0.40783106182415985,0.1285774668448777,0.5111111111111099,2.9634814361190487,101.54744287110407,8.517002080673032,0.10470918669468826,0.0448901363417284,29.575590663486057,6.753469251494152,18,15.545454545454545,62.09090909090909
