method,fold,test_speaker,seed,d,bytes,CR_INT8,CR_FP32,Accuracy,Macro_F1,Delta_A_pp,R_acc,MSE,PRD_spec,experiment
Original,1,george,0,2048,8196,0.25036603221083453,1.0,0.406,0.3629844432093764,0.0,100.0,0.0,0.0,v2
INT8,1,george,0,2048,2052,1.0,3.9941520467836256,0.402,0.3592981120949247,-0.40000000000000036,99.01477832512315,0.00032807039679028094,1.7623029947280884,v2
DCT,1,george,0,64,68,30.176470588235293,120.52941176470588,0.44,0.38506942059014154,3.3999999999999977,108.3743842364532,0.1275218427181244,32.57369613647461,v2
Low-Mel,1,george,0,64,68,30.176470588235293,120.52941176470588,0.1,0.01818181818181818,-30.600000000000005,24.63054187192118,1.1996312141418457,97.38890075683594,v2
AE-MSE,1,george,0,64,68,30.176470588235293,120.52941176470588,0.432,0.40481802825674135,2.599999999999997,106.4039408866995,0.12245669215917587,31.864730834960938,v2
Task-AE,1,george,0,64,68,30.176470588235293,120.52941176470588,0.314,0.272731641110247,-9.200000000000003,77.3399014778325,0.198347270488739,40.45463943481445,v2
DCT,1,george,0,128,132,15.545454545454545,62.09090909090909,0.414,0.38651900586368343,0.7999999999999952,101.97044334975368,0.08567538857460022,27.656721115112305,v2
Low-Mel,1,george,0,128,132,15.545454545454545,62.09090909090909,0.1,0.01818181818181818,-30.600000000000005,24.63054187192118,1.1742143630981445,94.55365753173828,v2
AE-MSE,1,george,0,128,132,15.545454545454545,62.09090909090909,0.41,0.37001088843038626,0.3999999999999948,100.98522167487684,0.07986337691545486,26.048734664916992,v2
Task-AE,1,george,0,128,132,15.545454545454545,62.09090909090909,0.358,0.2899176414978443,-4.800000000000004,88.17733990147782,0.1518218070268631,35.88167190551758,v2
DCT,1,george,0,256,260,7.892307692307693,31.523076923076925,0.388,0.3608043311488328,-1.8000000000000016,95.56650246305419,0.06155572459101677,24.2182559967041,v2
Low-Mel,1,george,0,256,260,7.892307692307693,31.523076923076925,0.1,0.01818181818181818,-30.600000000000005,24.63054187192118,1.1199666261672974,88.15170288085938,v2
AE-MSE,1,george,0,256,260,7.892307692307693,31.523076923076925,0.334,0.2942776467087702,-7.200000000000001,82.26600985221674,0.05562102422118187,22.467613220214844,v2
Task-AE,1,george,0,256,260,7.892307692307693,31.523076923076925,0.414,0.3719669464074979,0.7999999999999952,101.97044334975368,0.12019462138414383,32.230384826660156,v2
DCT,1,george,0,512,516,3.9767441860465116,15.883720930232558,0.342,0.2993438434314422,-6.4,84.23645320197045,0.032779280096292496,16.75251579284668,v2
Low-Mel,1,george,0,512,516,3.9767441860465116,15.883720930232558,0.1,0.01818181818181818,-30.600000000000005,24.63054187192118,1.0120084285736084,76.11137390136719,v2
AE-MSE,1,george,0,512,516,3.9767441860465116,15.883720930232558,0.396,0.36412212320357235,-1.0000000000000009,97.53694581280787,0.037574466317892075,17.441028594970703,v2
Task-AE,1,george,0,512,516,3.9767441860465116,15.883720930232558,0.32,0.2597998971248506,-8.600000000000001,78.81773399014777,0.136684849858284,34.5454216003418,v2
Original,2,jackson,0,2048,8196,0.25036603221083453,1.0,0.77,0.7449724437271168,0.0,100.0,0.0,0.0,v2
INT8,2,jackson,0,2048,2052,1.0,3.9941520467836256,0.77,0.7452316783558741,0.0,100.0,0.0003304377314634621,1.7691833972930908,v2
DCT,2,jackson,0,64,68,30.176470588235293,120.52941176470588,0.596,0.5341659899388763,-17.400000000000006,77.4025974025974,0.0781334862112999,25.288633346557617,v2
Low-Mel,2,jackson,0,64,68,30.176470588235293,120.52941176470588,0.1,0.01818181818181818,-67.0,12.987012987012987,0.9467498660087585,93.20016479492188,v2
AE-MSE,2,jackson,0,64,68,30.176470588235293,120.52941176470588,0.614,0.5910197713640706,-15.600000000000003,79.74025974025973,0.07459358125925064,24.09791374206543,v2
Task-AE,2,jackson,0,64,68,30.176470588235293,120.52941176470588,0.754,0.7305375791146493,-1.6000000000000014,97.92207792207793,0.09085582196712494,27.349824905395508,v2
DCT,2,jackson,0,128,132,15.545454545454545,62.09090909090909,0.756,0.7372642723700678,-1.4000000000000012,98.18181818181817,0.04999885335564613,20.524959564208984,v2
Low-Mel,2,jackson,0,128,132,15.545454545454545,62.09090909090909,0.1,0.01818181818181818,-67.0,12.987012987012987,0.9201678037643433,90.18860626220703,v2
AE-MSE,2,jackson,0,128,132,15.545454545454545,62.09090909090909,0.72,0.6995766699327804,-5.000000000000004,93.5064935064935,0.048484429717063904,19.419628143310547,v2
Task-AE,2,jackson,0,128,132,15.545454545454545,62.09090909090909,0.76,0.745542151619828,-1.0000000000000009,98.7012987012987,0.059592947363853455,22.146562576293945,v2
DCT,2,jackson,0,256,260,7.892307692307693,31.523076923076925,0.828,0.820125037844001,5.799999999999994,107.53246753246752,0.032137464731931686,16.791046142578125,v2
Low-Mel,2,jackson,0,256,260,7.892307692307693,31.523076923076925,0.14,0.0724293061007057,-63.0,18.181818181818183,0.8666868209838867,83.44096374511719,v2
AE-MSE,2,jackson,0,256,260,7.892307692307693,31.523076923076925,0.79,0.7759063786391219,2.0000000000000018,102.59740259740259,0.0323588028550148,15.973955154418945,v2
Task-AE,2,jackson,0,256,260,7.892307692307693,31.523076923076925,0.772,0.7573337973104017,0.20000000000000018,100.25974025974025,0.04296288266777992,18.85734748840332,v2
DCT,2,jackson,0,512,516,3.9767441860465116,15.883720930232558,0.812,0.7985108218956107,4.200000000000004,105.45454545454545,0.017630400136113167,12.341347694396973,v2
Low-Mel,2,jackson,0,512,516,3.9767441860465116,15.883720930232558,0.208,0.10684360980914961,-56.2,27.012987012987015,0.7414031028747559,68.8113784790039,v2
AE-MSE,2,jackson,0,512,516,3.9767441860465116,15.883720930232558,0.78,0.7611976965837043,1.0000000000000009,101.2987012987013,0.023014986887574196,13.482882499694824,v2
Task-AE,2,jackson,0,512,516,3.9767441860465116,15.883720930232558,0.754,0.732021708858135,-1.6000000000000014,97.92207792207793,0.03642250597476959,17.379764556884766,v2
Original,3,lucas,0,2048,8196,0.25036603221083453,1.0,0.74,0.7347409445317922,0.0,100.0,0.0,0.0,v2
INT8,3,lucas,0,2048,2052,1.0,3.9941520467836256,0.736,0.7304989326404049,-0.40000000000000036,99.45945945945945,0.00033206737134605646,1.7656809091567993,v2
DCT,3,lucas,0,64,68,30.176470588235293,120.52941176470588,0.368,0.3444342446737177,-37.2,49.729729729729726,0.11419413238763809,29.819246292114258,v2
Low-Mel,3,lucas,0,64,68,30.176470588235293,120.52941176470588,0.1,0.01818181818181818,-64.0,13.513513513513514,1.0408629179000854,94.8843994140625,v2
AE-MSE,3,lucas,0,64,68,30.176470588235293,120.52941176470588,0.526,0.5201581979100591,-21.4,71.08108108108108,0.10244102776050568,27.777143478393555,v2
Task-AE,3,lucas,0,64,68,30.176470588235293,120.52941176470588,0.514,0.503504765411322,-22.599999999999998,69.45945945945945,0.12362876534461975,30.554330825805664,v2
DCT,3,lucas,0,128,132,15.545454545454545,62.09090909090909,0.584,0.5772851064826479,-15.600000000000003,78.91891891891892,0.06990981847047806,23.235149383544922,v2
Low-Mel,3,lucas,0,128,132,15.545454545454545,62.09090909090909,0.1,0.01818181818181818,-64.0,13.513513513513514,1.0122246742248535,91.76026153564453,v2
AE-MSE,3,lucas,0,128,132,15.545454545454545,62.09090909090909,0.582,0.5757770636463523,-15.800000000000002,78.64864864864865,0.06129561364650726,21.759952545166016,v2
Task-AE,3,lucas,0,128,132,15.545454545454545,62.09090909090909,0.488,0.4668856479811475,-25.2,65.94594594594594,0.12889450788497925,32.06523132324219,v2
DCT,3,lucas,0,256,260,7.892307692307693,31.523076923076925,0.682,0.6806593979789789,-5.799999999999994,92.16216216216216,0.040358513593673706,18.090078353881836,v2
Low-Mel,3,lucas,0,256,260,7.892307692307693,31.523076923076925,0.132,0.06468666468666469,-60.8,17.83783783783784,0.961130678653717,85.6781234741211,v2
AE-MSE,3,lucas,0,256,260,7.892307692307693,31.523076923076925,0.646,0.640688156617016,-9.399999999999997,87.2972972972973,0.03857346996665001,17.454299926757812,v2
Task-AE,3,lucas,0,256,260,7.892307692307693,31.523076923076925,0.678,0.6763361457578665,-6.199999999999994,91.62162162162164,0.052648890763521194,20.362199783325195,v2
DCT,3,lucas,0,512,516,3.9767441860465116,15.883720930232558,0.714,0.7114213537686429,-2.6000000000000023,96.48648648648647,0.017797762528061867,12.25426959991455,v2
Low-Mel,3,lucas,0,512,516,3.9767441860465116,15.883720930232558,0.302,0.21928251036770305,-43.8,40.81081081081081,0.8451690673828125,72.68720245361328,v2
AE-MSE,3,lucas,0,512,516,3.9767441860465116,15.883720930232558,0.668,0.6649371642643371,-7.199999999999996,90.27027027027027,0.023252040147781372,13.761129379272461,v2
Task-AE,3,lucas,0,512,516,3.9767441860465116,15.883720930232558,0.67,0.6665572136580488,-6.999999999999995,90.54054054054055,0.044942330569028854,19.064838409423828,v2
Original,4,nicolas,0,2048,8196,0.25036603221083453,1.0,0.46,0.44998921089298793,0.0,100.0,0.0,0.0,v2
INT8,4,nicolas,0,2048,2052,1.0,3.9941520467836256,0.454,0.4414006361906028,-0.6000000000000005,98.69565217391303,0.00032617629040032625,1.7582765817642212,v2
DCT,4,nicolas,0,64,68,30.176470588235293,120.52941176470588,0.36,0.30844970819864337,-10.000000000000004,78.26086956521739,0.08835990726947784,26.985218048095703,v2
Low-Mel,4,nicolas,0,64,68,30.176470588235293,120.52941176470588,0.1,0.01821493624772313,-36.0,21.73913043478261,1.0144250392913818,95.46534729003906,v2
AE-MSE,4,nicolas,0,64,68,30.176470588235293,120.52941176470588,0.38,0.3416787785615899,-8.000000000000002,82.6086956521739,0.082956463098526,25.283004760742188,v2
Task-AE,4,nicolas,0,64,68,30.176470588235293,120.52941176470588,0.334,0.3055400533461708,-12.6,72.6086956521739,0.1022600531578064,28.29616355895996,v2
DCT,4,nicolas,0,128,132,15.545454545454545,62.09090909090909,0.378,0.35623062695796276,-8.200000000000001,82.17391304347825,0.059219203889369965,22.161012649536133,v2
Low-Mel,4,nicolas,0,128,132,15.545454545454545,62.09090909090909,0.1,0.01818181818181818,-36.0,21.73913043478261,0.9791540503501892,92.03701782226562,v2
AE-MSE,4,nicolas,0,128,132,15.545454545454545,62.09090909090909,0.376,0.36064205341764727,-8.400000000000002,81.73913043478261,0.04862682893872261,19.5839786529541,v2
Task-AE,4,nicolas,0,128,132,15.545454545454545,62.09090909090909,0.34,0.3094671236779357,-12.0,73.91304347826086,0.06020202487707138,21.953935623168945,v2
DCT,4,nicolas,0,256,260,7.892307692307693,31.523076923076925,0.424,0.4010441644412297,-3.600000000000003,92.17391304347825,0.03908967599272728,18.397672653198242,v2
Low-Mel,4,nicolas,0,256,260,7.892307692307693,31.523076923076925,0.178,0.1100772431719085,-28.200000000000003,38.69565217391305,0.905980110168457,84.20269012451172,v2
AE-MSE,4,nicolas,0,256,260,7.892307692307693,31.523076923076925,0.436,0.4151695503876045,-2.400000000000002,94.78260869565217,0.03538193553686142,16.717967987060547,v2
Task-AE,4,nicolas,0,256,260,7.892307692307693,31.523076923076925,0.42,0.4049515862514747,-4.0000000000000036,91.30434782608695,0.047913406044244766,19.499746322631836,v2
DCT,4,nicolas,0,512,516,3.9767441860465116,15.883720930232558,0.442,0.42439163649901984,-1.8000000000000016,96.08695652173913,0.02191084250807762,13.940459251403809,v2
Low-Mel,4,nicolas,0,512,516,3.9767441860465116,15.883720930232558,0.29,0.2068657508319185,-17.000000000000004,63.043478260869556,0.7775387167930603,69.83008575439453,v2
AE-MSE,4,nicolas,0,512,516,3.9767441860465116,15.883720930232558,0.518,0.5072166485173829,5.8,112.60869565217392,0.02674954943358898,14.550114631652832,v2
Task-AE,4,nicolas,0,512,516,3.9767441860465116,15.883720930232558,0.456,0.45196806560970837,-0.40000000000000036,99.13043478260869,0.0412832647562027,18.424217224121094,v2
Original,5,theo,0,2048,8196,0.25036603221083453,1.0,0.522,0.4526389368042098,0.0,100.0,0.0,0.0,v2
INT8,5,theo,0,2048,2052,1.0,3.9941520467836256,0.524,0.45629862937725074,0.20000000000000018,100.38314176245211,0.0003316003712825477,1.7712178230285645,v2
DCT,5,theo,0,64,68,30.176470588235293,120.52941176470588,0.394,0.3353643963020908,-12.8,75.47892720306513,0.19076451659202576,42.99916076660156,v2
Low-Mel,5,theo,0,64,68,30.176470588235293,120.52941176470588,0.098,0.032103566767001414,-42.400000000000006,18.773946360153257,0.8008500933647156,92.65220642089844,v2
AE-MSE,5,theo,0,64,68,30.176470588235293,120.52941176470588,0.51,0.46641554794914,-1.200000000000001,97.70114942528735,0.15566912293434143,38.6353759765625,v2
Task-AE,5,theo,0,64,68,30.176470588235293,120.52941176470588,0.562,0.5070319040438427,4.0000000000000036,107.66283524904215,0.19865572452545166,44.14339065551758,v2
DCT,5,theo,0,128,132,15.545454545454545,62.09090909090909,0.494,0.45651903305874564,-2.8000000000000025,94.63601532567048,0.12923620641231537,35.880584716796875,v2
Low-Mel,5,theo,0,128,132,15.545454545454545,62.09090909090909,0.118,0.08527341422832276,-40.400000000000006,22.605363984674327,0.7546207308769226,87.85761260986328,v2
AE-MSE,5,theo,0,128,132,15.545454545454545,62.09090909090909,0.522,0.4712537978354015,0.0,100.0,0.10927685350179672,32.85462188720703,v2
Task-AE,5,theo,0,128,132,15.545454545454545,62.09090909090909,0.528,0.48268003711743085,0.6000000000000005,101.14942528735632,0.14030125737190247,37.55716323852539,v2
DCT,5,theo,0,256,260,7.892307692307693,31.523076923076925,0.528,0.47957441401532386,0.6000000000000005,101.14942528735632,0.09049664437770844,30.577802658081055,v2
Low-Mel,5,theo,0,256,260,7.892307692307693,31.523076923076925,0.148,0.09820478493640072,-37.4,28.352490421455936,0.6690157055854797,77.94562530517578,v2
AE-MSE,5,theo,0,256,260,7.892307692307693,31.523076923076925,0.566,0.5212583799379223,4.399999999999993,108.42911877394634,0.07816020399332047,27.945253372192383,v2
Task-AE,5,theo,0,256,260,7.892307692307693,31.523076923076925,0.592,0.5577056470835883,6.999999999999995,113.40996168582375,0.1030287817120552,32.38758087158203,v2
DCT,5,theo,0,512,516,3.9767441860465116,15.883720930232558,0.534,0.4740362544264488,1.200000000000001,102.29885057471265,0.05387800559401512,23.874773025512695,v2
Low-Mel,5,theo,0,512,516,3.9767441860465116,15.883720930232558,0.242,0.21539874756548066,-28.000000000000004,46.360153256704976,0.5264614224433899,60.21217346191406,v2
AE-MSE,5,theo,0,512,516,3.9767441860465116,15.883720930232558,0.554,0.5149537024968118,3.200000000000003,106.13026819923373,0.059372950345277786,24.21734046936035,v2
Task-AE,5,theo,0,512,516,3.9767441860465116,15.883720930232558,0.576,0.5377484128761321,5.399999999999993,110.34482758620688,0.09976398944854736,31.72952651977539,v2
Original,6,yweweler,0,2048,8196,0.25036603221083453,1.0,0.758,0.7404543782099922,0.0,100.0,0.0,0.0,v2
INT8,6,yweweler,0,2048,2052,1.0,3.9941520467836256,0.756,0.7381740675963482,-0.20000000000000018,99.73614775725594,0.00032979442039504647,1.7645882368087769,v2
DCT,6,yweweler,0,64,68,30.176470588235293,120.52941176470588,0.294,0.2361506086127169,-46.400000000000006,38.78627968337731,0.19187727570533752,39.88597106933594,v2
Low-Mel,6,yweweler,0,64,68,30.176470588235293,120.52941176470588,0.1,0.01818181818181818,-65.8,13.192612137203167,0.947529137134552,94.56741333007812,v2
AE-MSE,6,yweweler,0,64,68,30.176470588235293,120.52941176470588,0.41,0.39906018082096406,-34.800000000000004,54.08970976253298,0.10007437318563461,29.47264289855957,v2
Task-AE,6,yweweler,0,64,68,30.176470588235293,120.52941176470588,0.736,0.7354202335595652,-2.200000000000002,97.0976253298153,0.1343734711408615,34.54193878173828,v2
DCT,6,yweweler,0,128,132,15.545454545454545,62.09090909090909,0.49,0.48667401350023176,-26.8,64.64379947229551,0.10351376235485077,30.000051498413086,v2
Low-Mel,6,yweweler,0,128,132,15.545454545454545,62.09090909090909,0.1,0.01818181818181818,-65.8,13.192612137203167,0.9190289378166199,91.3271255493164,v2
AE-MSE,6,yweweler,0,128,132,15.545454545454545,62.09090909090909,0.65,0.6334103567165963,-10.799999999999999,85.75197889182058,0.059663206338882446,23.305980682373047,v2
Task-AE,6,yweweler,0,128,132,15.545454545454545,62.09090909090909,0.72,0.6997720341072575,-3.8000000000000034,94.9868073878628,0.08713186532258987,28.122756958007812,v2
DCT,6,yweweler,0,256,260,7.892307692307693,31.523076923076925,0.642,0.6406701332856184,-11.6,84.69656992084433,0.05963383615016937,23.368000030517578,v2
Low-Mel,6,yweweler,0,256,260,7.892307692307693,31.523076923076925,0.136,0.07341862312937113,-62.2,17.94195250659631,0.8547097444534302,83.61576843261719,v2
AE-MSE,6,yweweler,0,256,260,7.892307692307693,31.523076923076925,0.7,0.6795316752172138,-5.800000000000005,92.34828496042216,0.04112841933965683,19.756023406982422,v2
Task-AE,6,yweweler,0,256,260,7.892307692307693,31.523076923076925,0.744,0.731386092645321,-1.4000000000000012,98.15303430079156,0.07324980199337006,25.933692932128906,v2
DCT,6,yweweler,0,512,516,3.9767441860465116,15.883720930232558,0.736,0.7115490233952547,-2.200000000000002,97.0976253298153,0.029735278338193893,16.991077423095703,v2
Low-Mel,6,yweweler,0,512,516,3.9767441860465116,15.883720930232558,0.122,0.04896196307949073,-63.6,16.094986807387862,0.7209914326667786,67.67810821533203,v2
AE-MSE,6,yweweler,0,512,516,3.9767441860465116,15.883720930232558,0.74,0.7169252225125572,-1.8000000000000016,97.62532981530343,0.030535828322172165,16.850933074951172,v2
Task-AE,6,yweweler,0,512,516,3.9767441860465116,15.883720930232558,0.738,0.7158580002100381,-2.0000000000000018,97.36147757255937,0.062145087867975235,24.125410079956055,v2
Original,1,george,1,2048,8196,0.25036603221083453,1.0,0.376,0.3468701016489653,0.0,100.0,0.0,0.0,v2
INT8,1,george,1,2048,2052,1.0,3.9941520467836256,0.374,0.34450704325142417,-0.20000000000000018,99.46808510638297,0.00032807039679028094,1.7623029947280884,v2
DCT,1,george,1,64,68,30.176470588235293,120.52941176470588,0.348,0.28490208164884867,-2.8000000000000025,92.5531914893617,0.1275218427181244,32.57369613647461,v2
Low-Mel,1,george,1,64,68,30.176470588235293,120.52941176470588,0.1,0.01818181818181818,-27.6,26.595744680851062,1.1996312141418457,97.38890075683594,v2
DCT,1,george,1,128,132,15.545454545454545,62.09090909090909,0.332,0.3130569182677316,-4.399999999999999,88.29787234042554,0.08567538857460022,27.656721115112305,v2
Low-Mel,1,george,1,128,132,15.545454545454545,62.09090909090909,0.1,0.01818181818181818,-27.6,26.595744680851062,1.1742143630981445,94.55365753173828,v2
AE-MSE,1,george,1,128,132,15.545454545454545,62.09090909090909,0.306,0.2854622641441073,-7.000000000000001,81.38297872340425,0.07932023704051971,26.445371627807617,v2
Task-AE,1,george,1,128,132,15.545454545454545,62.09090909090909,0.38,0.34200837119717487,0.40000000000000036,101.06382978723404,0.131758913397789,33.60478210449219,v2
DCT,1,george,1,256,260,7.892307692307693,31.523076923076925,0.328,0.3116560586090219,-4.799999999999999,87.2340425531915,0.06155572459101677,24.2182559967041,v2
Low-Mel,1,george,1,256,260,7.892307692307693,31.523076923076925,0.194,0.09329354258259595,-18.2,51.59574468085107,1.1199666261672974,88.15170288085938,v2
DCT,1,george,1,512,516,3.9767441860465116,15.883720930232558,0.348,0.32278521467538895,-2.8000000000000025,92.5531914893617,0.032779280096292496,16.75251579284668,v2
Low-Mel,1,george,1,512,516,3.9767441860465116,15.883720930232558,0.164,0.076180817154448,-21.2,43.61702127659575,1.0120084285736084,76.11137390136719,v2
Original,2,jackson,1,2048,8196,0.25036603221083453,1.0,0.688,0.6504488251430686,0.0,100.0,0.0,0.0,v2
INT8,2,jackson,1,2048,2052,1.0,3.9941520467836256,0.68,0.640966927635492,-0.7999999999999896,98.83720930232559,0.0003304377314634621,1.7691833972930908,v2
DCT,2,jackson,1,64,68,30.176470588235293,120.52941176470588,0.378,0.3166800108650918,-30.999999999999993,54.94186046511628,0.0781334862112999,25.288633346557617,v2
Low-Mel,2,jackson,1,64,68,30.176470588235293,120.52941176470588,0.258,0.1863003214007898,-42.99999999999999,37.50000000000001,0.9467498660087585,93.20016479492188,v2
DCT,2,jackson,1,128,132,15.545454545454545,62.09090909090909,0.572,0.5459108596462727,-11.6,83.13953488372093,0.04999885335564613,20.524959564208984,v2
Low-Mel,2,jackson,1,128,132,15.545454545454545,62.09090909090909,0.17,0.10129686217921512,-51.79999999999999,24.709302325581397,0.9201678037643433,90.18860626220703,v2
AE-MSE,2,jackson,1,128,132,15.545454545454545,62.09090909090909,0.604,0.5596730348975505,-8.399999999999997,87.79069767441861,0.049209412187337875,19.569313049316406,v2
Task-AE,2,jackson,1,128,132,15.545454545454545,62.09090909090909,0.696,0.6474400076871067,0.8000000000000007,101.16279069767442,0.058419790118932724,21.509265899658203,v2
DCT,2,jackson,1,256,260,7.892307692307693,31.523076923076925,0.662,0.6387472459889549,-2.599999999999991,96.22093023255815,0.032137464731931686,16.791046142578125,v2
Low-Mel,2,jackson,1,256,260,7.892307692307693,31.523076923076925,0.222,0.1420595283830013,-46.599999999999994,32.26744186046512,0.8666868209838867,83.44096374511719,v2
DCT,2,jackson,1,512,516,3.9767441860465116,15.883720930232558,0.692,0.6520381028381317,0.40000000000000036,100.5813953488372,0.017630400136113167,12.341347694396973,v2
Low-Mel,2,jackson,1,512,516,3.9767441860465116,15.883720930232558,0.384,0.3032874701995828,-30.399999999999995,55.81395348837209,0.7414031028747559,68.8113784790039,v2
Original,3,lucas,1,2048,8196,0.25036603221083453,1.0,0.426,0.40913454594233106,0.0,100.0,0.0,0.0,v2
INT8,3,lucas,1,2048,2052,1.0,3.9941520467836256,0.426,0.409045911511436,0.0,100.0,0.00033206737134605646,1.7656809091567993,v2
DCT,3,lucas,1,64,68,30.176470588235293,120.52941176470588,0.288,0.17477168328991596,-13.8,67.6056338028169,0.11419413238763809,29.819246292114258,v2
Low-Mel,3,lucas,1,64,68,30.176470588235293,120.52941176470588,0.1,0.01818181818181818,-32.599999999999994,23.474178403755868,1.0408629179000854,94.8843994140625,v2
DCT,3,lucas,1,128,132,15.545454545454545,62.09090909090909,0.278,0.19951201619622672,-14.799999999999997,65.25821596244133,0.06990981847047806,23.235149383544922,v2
Low-Mel,3,lucas,1,128,132,15.545454545454545,62.09090909090909,0.1,0.01818181818181818,-32.599999999999994,23.474178403755868,1.0122246742248535,91.76026153564453,v2
AE-MSE,3,lucas,1,128,132,15.545454545454545,62.09090909090909,0.362,0.3280684859959085,-6.4,84.97652582159624,0.06184469908475876,21.873367309570312,v2
Task-AE,3,lucas,1,128,132,15.545454545454545,62.09090909090909,0.41,0.36326857456467326,-1.6000000000000014,96.24413145539906,0.1371171921491623,34.35232162475586,v2
DCT,3,lucas,1,256,260,7.892307692307693,31.523076923076925,0.342,0.2944669234860919,-8.399999999999997,80.28169014084509,0.040358513593673706,18.090078353881836,v2
Low-Mel,3,lucas,1,256,260,7.892307692307693,31.523076923076925,0.1,0.01818181818181818,-32.599999999999994,23.474178403755868,0.961130678653717,85.6781234741211,v2
DCT,3,lucas,1,512,516,3.9767441860465116,15.883720930232558,0.42,0.4044013894192206,-0.6000000000000005,98.59154929577466,0.017797762528061867,12.25426959991455,v2
Low-Mel,3,lucas,1,512,516,3.9767441860465116,15.883720930232558,0.11,0.035633423180592996,-31.6,25.821596244131456,0.8451690673828125,72.68720245361328,v2
Original,4,nicolas,1,2048,8196,0.25036603221083453,1.0,0.402,0.3576155368579076,0.0,100.0,0.0,0.0,v2
INT8,4,nicolas,1,2048,2052,1.0,3.9941520467836256,0.402,0.35871146212679506,0.0,100.0,0.00032617629040032625,1.7582765817642212,v2
DCT,4,nicolas,1,64,68,30.176470588235293,120.52941176470588,0.306,0.2517516097670067,-9.600000000000003,76.11940298507461,0.08835990726947784,26.985218048095703,v2
Low-Mel,4,nicolas,1,64,68,30.176470588235293,120.52941176470588,0.1,0.01818181818181818,-30.200000000000003,24.87562189054726,1.0144250392913818,95.46534729003906,v2
DCT,4,nicolas,1,128,132,15.545454545454545,62.09090909090909,0.412,0.36372208399873973,0.9999999999999953,102.48756218905471,0.059219203889369965,22.161012649536133,v2
Low-Mel,4,nicolas,1,128,132,15.545454545454545,62.09090909090909,0.1,0.01818181818181818,-30.200000000000003,24.87562189054726,0.9791540503501892,92.03701782226562,v2
AE-MSE,4,nicolas,1,128,132,15.545454545454545,62.09090909090909,0.406,0.3591949726907129,0.40000000000000036,100.9950248756219,0.05010828748345375,19.908361434936523,v2
Task-AE,4,nicolas,1,128,132,15.545454545454545,62.09090909090909,0.442,0.4232343944047129,3.9999999999999982,109.95024875621891,0.07327227294445038,24.463937759399414,v2
DCT,4,nicolas,1,256,260,7.892307692307693,31.523076923076925,0.406,0.35427277733484763,0.40000000000000036,100.9950248756219,0.03908967599272728,18.397672653198242,v2
Low-Mel,4,nicolas,1,256,260,7.892307692307693,31.523076923076925,0.184,0.07884302861488458,-21.800000000000004,45.77114427860696,0.905980110168457,84.20269012451172,v2
DCT,4,nicolas,1,512,516,3.9767441860465116,15.883720930232558,0.406,0.35947787254651853,0.40000000000000036,100.9950248756219,0.02191084250807762,13.940459251403809,v2
Low-Mel,4,nicolas,1,512,516,3.9767441860465116,15.883720930232558,0.22,0.10840488652750051,-18.200000000000003,54.72636815920398,0.7775387167930603,69.83008575439453,v2
Original,5,theo,1,2048,8196,0.25036603221083453,1.0,0.536,0.4784334834421326,0.0,100.0,0.0,0.0,v2
INT8,5,theo,1,2048,2052,1.0,3.9941520467836256,0.538,0.48161697578981066,0.20000000000000018,100.3731343283582,0.0003316003712825477,1.7712178230285645,v2
DCT,5,theo,1,64,68,30.176470588235293,120.52941176470588,0.382,0.3348824678299186,-15.400000000000002,71.26865671641791,0.19076451659202576,42.99916076660156,v2
Low-Mel,5,theo,1,64,68,30.176470588235293,120.52941176470588,0.108,0.029486461251167134,-42.800000000000004,20.149253731343283,0.8008500933647156,92.65220642089844,v2
DCT,5,theo,1,128,132,15.545454545454545,62.09090909090909,0.492,0.4566675010874025,-4.400000000000004,91.7910447761194,0.12923620641231537,35.880584716796875,v2
Low-Mel,5,theo,1,128,132,15.545454545454545,62.09090909090909,0.142,0.07239365767051599,-39.4,26.492537313432834,0.7546207308769226,87.85761260986328,v2
AE-MSE,5,theo,1,128,132,15.545454545454545,62.09090909090909,0.56,0.5310173316637427,2.400000000000002,104.47761194029852,0.10755711048841476,32.617984771728516,v2
Task-AE,5,theo,1,128,132,15.545454545454545,62.09090909090909,0.532,0.4950324054312939,-0.40000000000000036,99.25373134328358,0.13287480175495148,36.247806549072266,v2
DCT,5,theo,1,256,260,7.892307692307693,31.523076923076925,0.536,0.496732731885308,0.0,100.0,0.09049664437770844,30.577802658081055,v2
Low-Mel,5,theo,1,256,260,7.892307692307693,31.523076923076925,0.188,0.13305360486353482,-34.800000000000004,35.07462686567164,0.6690157055854797,77.94562530517578,v2
DCT,5,theo,1,512,516,3.9767441860465116,15.883720930232558,0.546,0.5079855249859281,1.0000000000000009,101.86567164179104,0.05387800559401512,23.874773025512695,v2
Low-Mel,5,theo,1,512,516,3.9767441860465116,15.883720930232558,0.28,0.2276458672311712,-25.6,52.23880597014926,0.5264614224433899,60.21217346191406,v2
Original,6,yweweler,1,2048,8196,0.25036603221083453,1.0,0.772,0.7614432032996625,0.0,100.0,0.0,0.0,v2
INT8,6,yweweler,1,2048,2052,1.0,3.9941520467836256,0.774,0.7636893281729061,0.20000000000000018,100.25906735751296,0.00032979442039504647,1.7645882368087769,v2
DCT,6,yweweler,1,64,68,30.176470588235293,120.52941176470588,0.378,0.32116433973537817,-39.4,48.96373056994818,0.19187727570533752,39.88597106933594,v2
Low-Mel,6,yweweler,1,64,68,30.176470588235293,120.52941176470588,0.1,0.01818181818181818,-67.2,12.953367875647668,0.947529137134552,94.56741333007812,v2
DCT,6,yweweler,1,128,132,15.545454545454545,62.09090909090909,0.612,0.6160619618138872,-16.000000000000004,79.27461139896373,0.10351376235485077,30.000051498413086,v2
Low-Mel,6,yweweler,1,128,132,15.545454545454545,62.09090909090909,0.1,0.01818181818181818,-67.2,12.953367875647668,0.9190289378166199,91.3271255493164,v2
AE-MSE,6,yweweler,1,128,132,15.545454545454545,62.09090909090909,0.688,0.6761479716192849,-8.400000000000007,89.11917098445595,0.05982828140258789,23.357969284057617,v2
Task-AE,6,yweweler,1,128,132,15.545454545454545,62.09090909090909,0.714,0.6851571656119881,-5.800000000000005,92.48704663212433,0.07791914790868759,26.64204216003418,v2
DCT,6,yweweler,1,256,260,7.892307692307693,31.523076923076925,0.738,0.7381753786664405,-3.400000000000003,95.59585492227978,0.05963383615016937,23.368000030517578,v2
Low-Mel,6,yweweler,1,256,260,7.892307692307693,31.523076923076925,0.1,0.01818181818181818,-67.2,12.953367875647668,0.8547097444534302,83.61576843261719,v2
DCT,6,yweweler,1,512,516,3.9767441860465116,15.883720930232558,0.764,0.7507349597043873,-0.8000000000000007,98.9637305699482,0.029735278338193893,16.991077423095703,v2
Low-Mel,6,yweweler,1,512,516,3.9767441860465116,15.883720930232558,0.104,0.026043777386322364,-66.8,13.471502590673575,0.7209914326667786,67.67810821533203,v2
Original,1,george,2,2048,8196,0.25036603221083453,1.0,0.428,0.38678939514354566,0.0,100.0,0.0,0.0,v2
INT8,1,george,2,2048,2052,1.0,3.9941520467836256,0.43,0.3889517833598411,0.20000000000000018,100.46728971962617,0.00032807039679028094,1.7623029947280884,v2
DCT,1,george,2,64,68,30.176470588235293,120.52941176470588,0.348,0.28478954664241674,-8.000000000000002,81.30841121495327,0.1275218427181244,32.57369613647461,v2
Low-Mel,1,george,2,64,68,30.176470588235293,120.52941176470588,0.1,0.01818181818181818,-32.8,23.364485981308412,1.1996312141418457,97.38890075683594,v2
DCT,1,george,2,128,132,15.545454545454545,62.09090909090909,0.472,0.4315310431126278,4.399999999999999,110.28037383177569,0.08567538857460022,27.656721115112305,v2
Low-Mel,1,george,2,128,132,15.545454545454545,62.09090909090909,0.1,0.01818181818181818,-32.8,23.364485981308412,1.1742143630981445,94.55365753173828,v2
AE-MSE,1,george,2,128,132,15.545454545454545,62.09090909090909,0.428,0.37417545815732045,0.0,100.0,0.08164482563734055,26.240901947021484,v2
Task-AE,1,george,2,128,132,15.545454545454545,62.09090909090909,0.4,0.3706512014266391,-2.799999999999997,93.45794392523365,0.1459311991930008,36.2502326965332,v2
DCT,1,george,2,256,260,7.892307692307693,31.523076923076925,0.48,0.4489056855418694,5.199999999999999,112.14953271028038,0.06155572459101677,24.2182559967041,v2
Low-Mel,1,george,2,256,260,7.892307692307693,31.523076923076925,0.1,0.01818181818181818,-32.8,23.364485981308412,1.1199666261672974,88.15170288085938,v2
DCT,1,george,2,512,516,3.9767441860465116,15.883720930232558,0.426,0.3913215172697773,-0.20000000000000018,99.53271028037383,0.032779280096292496,16.75251579284668,v2
Low-Mel,1,george,2,512,516,3.9767441860465116,15.883720930232558,0.1,0.01818181818181818,-32.8,23.364485981308412,1.0120084285736084,76.11137390136719,v2
Original,2,jackson,2,2048,8196,0.25036603221083453,1.0,0.744,0.7052884235336283,0.0,100.00000000000001,0.0,0.0,v2
INT8,2,jackson,2,2048,2052,1.0,3.9941520467836256,0.742,0.7021105508215844,-0.20000000000000018,99.73118279569893,0.0003304377314634621,1.7691833972930908,v2
DCT,2,jackson,2,64,68,30.176470588235293,120.52941176470588,0.56,0.5209425394869387,-18.399999999999995,75.26881720430109,0.0781334862112999,25.288633346557617,v2
Low-Mel,2,jackson,2,64,68,30.176470588235293,120.52941176470588,0.108,0.03312983312983313,-63.6,14.516129032258066,0.9467498660087585,93.20016479492188,v2
DCT,2,jackson,2,128,132,15.545454545454545,62.09090909090909,0.714,0.6913723224594199,-3.0000000000000027,95.96774193548386,0.04999885335564613,20.524959564208984,v2
Low-Mel,2,jackson,2,128,132,15.545454545454545,62.09090909090909,0.152,0.056187758429910896,-59.199999999999996,20.43010752688172,0.9201678037643433,90.18860626220703,v2
AE-MSE,2,jackson,2,128,132,15.545454545454545,62.09090909090909,0.626,0.5656473963625498,-11.799999999999999,84.13978494623656,0.0478411540389061,19.352413177490234,v2
Task-AE,2,jackson,2,128,132,15.545454545454545,62.09090909090909,0.658,0.6037634116554489,-8.599999999999996,88.44086021505376,0.06439162790775299,22.980222702026367,v2
DCT,2,jackson,2,256,260,7.892307692307693,31.523076923076925,0.754,0.7278074496924489,1.0000000000000009,101.34408602150539,0.032137464731931686,16.791046142578125,v2
Low-Mel,2,jackson,2,256,260,7.892307692307693,31.523076923076925,0.196,0.13490959333842484,-54.800000000000004,26.34408602150538,0.8666868209838867,83.44096374511719,v2
DCT,2,jackson,2,512,516,3.9767441860465116,15.883720930232558,0.752,0.7194238173913703,0.8000000000000007,101.0752688172043,0.017630400136113167,12.341347694396973,v2
Low-Mel,2,jackson,2,512,516,3.9767441860465116,15.883720930232558,0.34,0.2591617316936327,-40.4,45.6989247311828,0.7414031028747559,68.8113784790039,v2
Original,3,lucas,2,2048,8196,0.25036603221083453,1.0,0.4,0.3826161444886442,0.0,100.0,0.0,0.0,v2
INT8,3,lucas,2,2048,2052,1.0,3.9941520467836256,0.402,0.38870539521425396,0.20000000000000018,100.5,0.00033206737134605646,1.7656809091567993,v2
DCT,3,lucas,2,64,68,30.176470588235293,120.52941176470588,0.224,0.12247392045377828,-17.6,56.0,0.11419413238763809,29.819246292114258,v2
Low-Mel,3,lucas,2,64,68,30.176470588235293,120.52941176470588,0.1,0.01818181818181818,-30.000000000000004,25.0,1.0408629179000854,94.8843994140625,v2
DCT,3,lucas,2,128,132,15.545454545454545,62.09090909090909,0.258,0.19399677114012553,-14.200000000000001,64.5,0.06990981847047806,23.235149383544922,v2
Low-Mel,3,lucas,2,128,132,15.545454545454545,62.09090909090909,0.1,0.01818181818181818,-30.000000000000004,25.0,1.0122246742248535,91.76026153564453,v2
AE-MSE,3,lucas,2,128,132,15.545454545454545,62.09090909090909,0.27,0.2267160124142657,-13.0,67.5,0.06319420784711838,22.120229721069336,v2
Task-AE,3,lucas,2,128,132,15.545454545454545,62.09090909090909,0.356,0.327930521595885,-4.400000000000004,89.0,0.16561636328697205,38.516883850097656,v2
DCT,3,lucas,2,256,260,7.892307692307693,31.523076923076925,0.328,0.28788552567052983,-7.200000000000001,82.0,0.040358513593673706,18.090078353881836,v2
Low-Mel,3,lucas,2,256,260,7.892307692307693,31.523076923076925,0.1,0.01824817518248175,-30.000000000000004,25.0,0.961130678653717,85.6781234741211,v2
DCT,3,lucas,2,512,516,3.9767441860465116,15.883720930232558,0.376,0.3474353255448758,-2.400000000000002,94.0,0.017797762528061867,12.25426959991455,v2
Low-Mel,3,lucas,2,512,516,3.9767441860465116,15.883720930232558,0.1,0.020242914979757085,-30.000000000000004,25.0,0.8451690673828125,72.68720245361328,v2
Original,4,nicolas,2,2048,8196,0.25036603221083453,1.0,0.36,0.3334914404416415,0.0,100.0,0.0,0.0,v2
INT8,4,nicolas,2,2048,2052,1.0,3.9941520467836256,0.364,0.33936518752411854,0.40000000000000036,101.11111111111111,0.00032617629040032625,1.7582765817642212,v2
DCT,4,nicolas,2,64,68,30.176470588235293,120.52941176470588,0.214,0.1767713882698046,-14.6,59.44444444444444,0.08835990726947784,26.985218048095703,v2
Low-Mel,4,nicolas,2,64,68,30.176470588235293,120.52941176470588,0.198,0.08300599458101107,-16.2,55.00000000000001,1.0144250392913818,95.46534729003906,v2
DCT,4,nicolas,2,128,132,15.545454545454545,62.09090909090909,0.262,0.24939283169113757,-9.799999999999997,72.77777777777779,0.059219203889369965,22.161012649536133,v2
Low-Mel,4,nicolas,2,128,132,15.545454545454545,62.09090909090909,0.1,0.02127659574468085,-26.0,27.77777777777778,0.9791540503501892,92.03701782226562,v2
AE-MSE,4,nicolas,2,128,132,15.545454545454545,62.09090909090909,0.294,0.2761524671857153,-6.6000000000000005,81.66666666666667,0.05246777832508087,20.288972854614258,v2
Task-AE,4,nicolas,2,128,132,15.545454545454545,62.09090909090909,0.39,0.352953141331437,3.0000000000000027,108.33333333333334,0.0653824508190155,22.648723602294922,v2
DCT,4,nicolas,2,256,260,7.892307692307693,31.523076923076925,0.328,0.30947996039557385,-3.1999999999999975,91.11111111111113,0.03908967599272728,18.397672653198242,v2
Low-Mel,4,nicolas,2,256,260,7.892307692307693,31.523076923076925,0.148,0.09275013796570224,-21.2,41.11111111111111,0.905980110168457,84.20269012451172,v2
DCT,4,nicolas,2,512,516,3.9767441860465116,15.883720930232558,0.342,0.3242987245175481,-1.799999999999996,95.00000000000001,0.02191084250807762,13.940459251403809,v2
Low-Mel,4,nicolas,2,512,516,3.9767441860465116,15.883720930232558,0.294,0.22471159178706138,-6.6000000000000005,81.66666666666667,0.7775387167930603,69.83008575439453,v2
Original,5,theo,2,2048,8196,0.25036603221083453,1.0,0.476,0.3970003630507302,0.0,99.99999999999999,0.0,0.0,v2
INT8,5,theo,2,2048,2052,1.0,3.9941520467836256,0.478,0.4003438296254732,0.20000000000000018,100.4201680672269,0.0003316003712825477,1.7712178230285645,v2
DCT,5,theo,2,64,68,30.176470588235293,120.52941176470588,0.346,0.3152243690231814,-13.0,72.68907563025209,0.19076451659202576,42.99916076660156,v2
Low-Mel,5,theo,2,64,68,30.176470588235293,120.52941176470588,0.108,0.033228320344884765,-36.8,22.689075630252102,0.8008500933647156,92.65220642089844,v2
DCT,5,theo,2,128,132,15.545454545454545,62.09090909090909,0.43,0.39295011663346613,-4.599999999999999,90.33613445378151,0.12923620641231537,35.880584716796875,v2
Low-Mel,5,theo,2,128,132,15.545454545454545,62.09090909090909,0.106,0.027826993225638353,-37.0,22.26890756302521,0.7546207308769226,87.85761260986328,v2
AE-MSE,5,theo,2,128,132,15.545454545454545,62.09090909090909,0.498,0.46909885657506123,2.200000000000002,104.6218487394958,0.10979039967060089,33.03179931640625,v2
Task-AE,5,theo,2,128,132,15.545454545454545,62.09090909090909,0.554,0.5260240316622636,7.800000000000007,116.38655462184876,0.13862739503383636,37.03998565673828,v2
DCT,5,theo,2,256,260,7.892307692307693,31.523076923076925,0.472,0.4228464274923557,-0.40000000000000036,99.15966386554621,0.09049664437770844,30.577802658081055,v2
Low-Mel,5,theo,2,256,260,7.892307692307693,31.523076923076925,0.128,0.05094482617967938,-34.8,26.890756302521012,0.6690157055854797,77.94562530517578,v2
DCT,5,theo,2,512,516,3.9767441860465116,15.883720930232558,0.486,0.43272337149070406,1.0000000000000009,102.10084033613447,0.05387800559401512,23.874773025512695,v2
Low-Mel,5,theo,2,512,516,3.9767441860465116,15.883720930232558,0.196,0.15111639237955027,-27.999999999999996,41.1764705882353,0.5264614224433899,60.21217346191406,v2
Original,6,yweweler,2,2048,8196,0.25036603221083453,1.0,0.686,0.6424055917994065,0.0,100.0,0.0,0.0,v2
INT8,6,yweweler,2,2048,2052,1.0,3.9941520467836256,0.686,0.6424993530571905,0.0,100.0,0.00032979442039504647,1.7645882368087769,v2
DCT,6,yweweler,2,64,68,30.176470588235293,120.52941176470588,0.398,0.3290267370825225,-28.800000000000004,58.01749271137027,0.19187727570533752,39.88597106933594,v2
Low-Mel,6,yweweler,2,64,68,30.176470588235293,120.52941176470588,0.1,0.01818181818181818,-58.60000000000001,14.577259475218657,0.947529137134552,94.56741333007812,v2
DCT,6,yweweler,2,128,132,15.545454545454545,62.09090909090909,0.62,0.5919645054315698,-6.600000000000006,90.37900874635568,0.10351376235485077,30.000051498413086,v2
Low-Mel,6,yweweler,2,128,132,15.545454545454545,62.09090909090909,0.1,0.01818181818181818,-58.60000000000001,14.577259475218657,0.9190289378166199,91.3271255493164,v2
AE-MSE,6,yweweler,2,128,132,15.545454545454545,62.09090909090909,0.654,0.6173273222078837,-3.200000000000003,95.33527696793003,0.06226818636059761,23.754899978637695,v2
Task-AE,6,yweweler,2,128,132,15.545454545454545,62.09090909090909,0.656,0.6219065530597809,-3.0000000000000027,95.6268221574344,0.1007746011018753,30.188831329345703,v2
DCT,6,yweweler,2,256,260,7.892307692307693,31.523076923076925,0.682,0.6443299026462515,-0.40000000000000036,99.41690962099125,0.05963383615016937,23.368000030517578,v2
Low-Mel,6,yweweler,2,256,260,7.892307692307693,31.523076923076925,0.114,0.04084419615145872,-57.2,16.61807580174927,0.8547097444534302,83.61576843261719,v2
DCT,6,yweweler,2,512,516,3.9767441860465116,15.883720930232558,0.68,0.6359377031144964,-0.6000000000000005,99.12536443148687,0.029735278338193893,16.991077423095703,v2
Low-Mel,6,yweweler,2,512,516,3.9767441860465116,15.883720930232558,0.104,0.02438095238095238,-58.20000000000001,15.160349854227405,0.7209914326667786,67.67810821533203,v2
