epoch,train_loss,val_acc
1,2.3054003257751465,0.1
2,2.2969221420288086,0.166
3,2.2649270191192628,0.1
4,2.2353671493530274,0.108
5,2.193888481140137,0.246
6,2.1597583122253416,0.106
7,2.138841541290283,0.1
8,2.099916765213013,0.302
9,2.066926570892334,0.268
10,2.0445044021606447,0.216
11,2.020808395385742,0.19
12,1.9391697120666505,0.348
13,1.9151038131713867,0.29
14,1.8702054824829102,0.312
15,1.801583493232727,0.338
16,1.7582858171463012,0.408
17,1.7201341524124145,0.31
18,1.6840665159225463,0.368
19,1.6391046409606933,0.318
20,1.552712031364441,0.258
21,1.5641040420532226,0.344
22,1.4934535312652588,0.288
23,1.4572950868606567,0.35
24,1.4272852363586426,0.364
25,1.4258054294586182,0.356
26,1.3740184116363525,0.224
27,1.3452508506774903,0.458
28,1.3117892036437988,0.294
29,1.2729011974334716,0.352
30,1.2406236238479613,0.328
31,1.2402866258621217,0.296
32,1.192843180656433,0.262
33,1.1784575500488281,0.394
34,1.1637524690628052,0.216
35,1.149676015853882,0.322
36,1.1165645532608033,0.236
37,1.1362577743530273,0.21
38,1.0866554136276245,0.35
39,1.0903578429222107,0.388
40,1.0699271636009215,0.244
41,1.0318108711242675,0.182
42,1.0439859838485719,0.308
43,1.0161090955734253,0.352
44,1.0041028375625611,0.304
45,0.9830427265167236,0.274
46,0.9864245042800903,0.206
47,0.9643729705810546,0.268
48,0.9824673805236817,0.236
49,0.938843367099762,0.252
50,0.9177774348258972,0.278
51,0.9228442578315735,0.406
52,0.9416507329940796,0.428
53,0.8839574966430664,0.446
54,0.8894955887794495,0.4
55,0.8676901330947876,0.304
56,0.8519480347633361,0.422
57,0.848748697757721,0.316
58,0.8572626352310181,0.288
59,0.8771088094711303,0.412
60,0.8125168690681458,0.384
61,0.8363599863052368,0.338
62,0.7763605298995971,0.458
63,0.8476446967124939,0.434
64,0.8077358374595642,0.368
65,0.7739034051895142,0.288
66,0.8203510780334473,0.452
67,0.7951067733764648,0.458
68,0.7929074130058289,0.332
69,0.7847743215560913,0.426
70,0.7821381068229676,0.396
71,0.7649382991790772,0.402
72,0.7295112872123718,0.3
73,0.7886042575836182,0.456
74,0.7605668902397156,0.36
75,0.7254389262199402,0.354
76,0.7446665234565735,0.424
77,0.6910356640815735,0.468
78,0.7558572592735291,0.418
79,0.7163973894119263,0.344
80,0.7054224991798401,0.478
81,0.7167617254257203,0.374
82,0.7077046389579773,0.442
83,0.6972273435592652,0.366
84,0.6670146417617798,0.482
85,0.6989064111709594,0.418
86,0.676883825302124,0.44
87,0.6750178308486938,0.396
88,0.6395167684555054,0.464
89,0.6938868751525878,0.362
90,0.658295280456543,0.452
91,0.6648326721191407,0.44
92,0.6485013856887817,0.344
93,0.6562700085639953,0.424
94,0.6661103701591492,0.448
95,0.6120900659561157,0.348
96,0.6453785452842712,0.402
97,0.6511331412792206,0.516
98,0.6409456155300141,0.396
99,0.6238627734184266,0.492
100,0.6170079531669617,0.42
