sample,label,L1_exact,L1_max_q_diff,L2_logmel_max_abs_err,L2_exact,L2_max_q_diff,status,run_id,d
000,0,128/128,0,0.000007,128/128,0,PASS,d128_20261005_102805_qemu,128
001,0,128/128,0,0.000010,128/128,0,PASS,d128_20261005_102805_qemu,128
002,1,128/128,0,0.000006,128/128,0,PASS,d128_20261005_102805_qemu,128
003,1,128/128,0,0.000002,128/128,0,PASS,d128_20261005_102805_qemu,128
004,2,128/128,0,0.000003,128/128,0,PASS,d128_20261005_102805_qemu,128
005,2,128/128,0,0.000003,128/128,0,PASS,d128_20261005_102805_qemu,128
006,3,128/128,0,0.000003,128/128,0,PASS,d128_20261005_102805_qemu,128
007,3,128/128,0,0.000004,128/128,0,PASS,d128_20261005_102805_qemu,128
008,4,128/128,0,0.000016,128/128,0,PASS,d128_20261005_102805_qemu,128
009,4,128/128,0,0.000003,128/128,0,PASS,d128_20261005_102805_qemu,128
