epoch,lam,train_rec,train_cls,val_mse,val_acc
1,0.0,0.5704425004720688,4.767743375778198,0.22646532952785492,0.17
2,0.0,0.22610956239700317,2.5070807609558106,0.13132376968860626,0.298
3,0.0,0.1578670208454132,1.7424635791778564,0.09857751429080963,0.27
4,0.0,0.13048575520515443,1.3472025699615477,0.08760305494070053,0.308
5,0.0,0.11598382675647735,1.1750011863708496,0.07975281029939651,0.438
6,0.0,0.10658102440834046,1.0742707233428954,0.07827458530664444,0.362
7,0.0,0.0997420881986618,1.0108132848739624,0.06866053491830826,0.42
8,0.0,0.09302414679527282,0.94634485912323,0.0651068240404129,0.402
9,0.0,0.08580200064182282,0.8621565022468567,0.05914398282766342,0.41
10,0.0,0.08128605479001999,0.8301441965103149,0.05695519968867302,0.434
11,0.0,0.07719038891792297,0.7988189153671265,0.053856778889894485,0.498
12,0.0,0.07404778629541398,0.7798914489746094,0.05126497149467468,0.482
13,0.0,0.07044641292095184,0.7548199005126953,0.049591951072216034,0.504
14,0.0,0.06821242326498031,0.7486346397399902,0.04775618761777878,0.474
15,0.0,0.06522181895375252,0.7268281016349792,0.04649903252720833,0.52
16,0.0,0.06514642822742463,0.7376034045219422,0.04594722017645836,0.5
17,0.0,0.0622038346529007,0.7204903509616852,0.04475083574652672,0.498
18,0.0,0.060498717606067655,0.711771032333374,0.04599375277757645,0.444
19,0.0,0.059676527559757234,0.7121381978988648,0.044432297348976135,0.448
20,0.0,0.058493105858564376,0.7092540345191956,0.04311249777674675,0.5
21,0.05,0.07966260242462159,0.6835945072174072,0.06011946126818657,0.61
22,0.1,0.07565564927458764,0.5753220028877258,0.07258893549442291,0.376
23,0.15,0.0758676045536995,0.4570613441467285,0.06411558389663696,0.426
24,0.2,0.08701358777284622,0.4513877241611481,0.07337881624698639,0.442
25,0.25,0.08831215953826904,0.40107140159606935,0.07161636650562286,0.544
26,0.3,0.09089099252223969,0.3694240024089813,0.07247498631477356,0.616
27,0.35,0.09068503046035767,0.3124881660938263,0.07288841903209686,0.592
28,0.4,0.09420402014255523,0.28527479791641236,0.07711644470691681,0.438
29,0.45,0.09695740473270416,0.25018503904342654,0.07799090445041656,0.576
30,0.5,0.09567960679531097,0.2067452070713043,0.07991116493940353,0.522
31,0.55,0.09845861834287643,0.1873571113348007,0.08618541061878204,0.518
32,0.6,0.1028425931930542,0.17198521161079408,0.08901038020849228,0.506
33,0.65,0.10163181519508362,0.14605755692720412,0.0877128317952156,0.414
34,0.7,0.10460178339481353,0.13431499481201173,0.08783408999443054,0.64
35,0.75,0.1052263810634613,0.11907090127468109,0.09118600189685822,0.606
36,0.8,0.1113901360630989,0.12151468741893769,0.10186463594436646,0.404
37,0.85,0.11009750652313233,0.10029634034633636,0.10511665046215057,0.57
38,0.9,0.10872137397527695,0.09023718988895416,0.09103648364543915,0.516
39,0.95,0.11021086323261262,0.08134087479114532,0.0967170000076294,0.616
40,1.0,0.11206722068786622,0.07425355184078217,0.10693355649709702,0.634
41,1.0,0.11183234047889709,0.07090648913383484,0.0917285829782486,0.538
42,1.0,0.10881114929914475,0.06488163340091706,0.10282469540834427,0.572
43,1.0,0.1057261884212494,0.05473303270339966,0.08665306866168976,0.436
44,1.0,0.10639800727367402,0.05547606816887855,0.09683912992477417,0.592
45,1.0,0.10278992354869843,0.049366607546806336,0.08919050544500351,0.524
46,1.0,0.10147098392248154,0.048663183838129044,0.0906410813331604,0.548
47,1.0,0.10105028265714645,0.045232791662216186,0.08603101968765259,0.518
48,1.0,0.09996005380153657,0.044288732409477234,0.09328680485486984,0.576
49,1.0,0.10158859097957611,0.04521366292238235,0.08524966984987259,0.452
50,1.0,0.10245976185798646,0.04677222526073456,0.0949821025133133,0.636
51,1.0,0.10236488521099091,0.044482383877038956,0.09088491648435593,0.644
52,1.0,0.09851299124956131,0.04103809347748756,0.0918857529759407,0.584
53,1.0,0.09736922931671142,0.038207853853702546,0.08441906422376633,0.534
54,1.0,0.09582122075557709,0.03775573748350143,0.08415522426366806,0.486
55,1.0,0.09590469163656234,0.03647581276297569,0.08580891788005829,0.638
56,1.0,0.09580473798513413,0.037542557299137115,0.08732093870639801,0.596
57,1.0,0.09386512720584869,0.0351038935482502,0.08347201347351074,0.488
58,1.0,0.0937086073756218,0.0350049133002758,0.08509625494480133,0.534
59,1.0,0.09418904638290405,0.03556273598968983,0.09617064148187637,0.56
60,1.0,0.09373968362808227,0.0344351754039526,0.08701897412538528,0.55
