id,title,authors,year,venue,url,local_pdf,topic,used_in_section,main_idea,relation_to_project,status
01,End-to-end Optimized Image Compression,"J. Ballé, V. Laparra, E. P. Simoncelli",2017,ICLR 2017,https://arxiv.org/abs/1611.01704,01_Balle_2017_End_to_End_Optimized_Image_Compression.pdf,learned compression,Related work; codec design,Nonlinear analysis/synthesis transforms trained end-to-end on a rate-distortion objective with uniform-noise relaxation of quantization,Foundation of learned transform coding that the AE codec follows (without entropy coding),downloaded
02,Lossy Image Compression with Compressive Autoencoders,"L. Theis, W. Shi, A. Cunningham, F. Huszár",2017,ICLR 2017,https://arxiv.org/abs/1703.00395,02_Theis_2017_Compressive_Autoencoders.pdf,learned compression,Related work; quantization,Compressive autoencoder with rounding in the forward pass and identity gradient (straight-through) in the backward pass,Direct precedent for the fake-quantization + STE used for the INT8 latent,downloaded
03,Towards Image Understanding from Deep Compression without Decoding,"R. Torfason, F. Mentzer, E. Agustsson, M. Tschannen, R. Timofte, L. Van Gool",2018,ICLR 2018,https://arxiv.org/abs/1803.06131,03_Torfason_2018_Deep_Compression_Understanding.pdf,compression for machine tasks,Related work; task-driven loss,Runs inference on learned compressed representations and jointly trains compression with the task network,Motivates optimising the codec for classification accuracy rather than reconstruction only,downloaded
04,BottleNet: A Deep Learning Architecture for Intelligent Mobile Cloud Computing Services,"A. E. Eshratifar, A. Esmaili, M. Pedram",2019,ISLPED 2019,https://arxiv.org/abs/1902.01000,04_BottleNet_2019.pdf,split computing,Related work; IoT node-gateway split,Learnable bottleneck inserted in a split DNN to reduce the feature size sent from mobile to cloud,Same node→gateway split setting as the ESP32-S3 → PC deployment,downloaded
05,BottleNet++: An End-to-End Approach for Feature Compression in Device-Edge Co-Inference Systems,"J. Shao, J. Zhang",2020,ICC Workshops 2020,https://arxiv.org/abs/1910.14315,05_BottleNetPlusPlus_2020.pdf,split computing,Related work,End-to-end trained feature encoder/decoder for device-edge co-inference with channel-aware training,Task-oriented feature compression for edge inference,downloaded
06,Learning Task-Oriented Communication for Edge Inference: An Information Bottleneck Approach,"J. Shao, Y. Mao, J. Zhang",2022,IEEE JSAC 40(1),https://arxiv.org/abs/2102.04170,06_Task_Oriented_Communication_Information_Bottleneck.pdf,task-oriented communication,Introduction; motivation for task-driven loss,Information-bottleneck formulation trading off transmitted rate against task-relevant information,Theoretical framing for L = L_rec + lambda * L_cls,downloaded
07,Attention-based Feature Compression for CNN Inference Offloading in Edge Computing,"N. Li, A. Iosifidis, Q. Zhang",2023,IEEE ICC 2023,https://arxiv.org/abs/2211.13745,07_Attention_Based_Feature_Compression.pdf,split computing,Related work,Attention-guided feature compression module for offloading CNN inference from device to edge,Recent baseline/context for learned feature compression in edge inference,downloaded
08,Convolutional Variational Autoencoders for Spectrogram Compression in Automatic Speech Recognition,"O. Iakovenko, I. Bondarenko",2024,arXiv 2410.02560,https://arxiv.org/abs/2410.02560,08_Spectrogram_Compression_ASR.pdf,speech feature compression,Related work; spectrogram codec,Convolutional VAE compresses mel-spectrograms and ASR is evaluated on the compressed/reconstructed features,Closest prior work on compressing time-frequency speech features for a downstream recogniser,downloaded
09,Supervised Compression for Resource-Constrained Edge Computing Systems,"Y. Matsubara, R. Yang, M. Levorato, S. Mandt",2022,WACV 2022,https://arxiv.org/abs/2108.11898,09_Supervised_Compression_Split_Computing.pdf,supervised compression,Related work; evaluation protocol,Learned entropy-coded bottleneck trained with supervision from the downstream task for split computing,Supports comparing task-supervised vs reconstruction-only codecs at equal bitrate,downloaded
10,Quantization and Training of Neural Networks for Efficient Integer-Arithmetic-Only Inference,"B. Jacob et al.",2018,CVPR 2018,https://arxiv.org/abs/1712.05877,10_Jacob_2018_Integer_Arithmetic_Only_Quantization.pdf,quantization,Method (INT8 latent); ESP32 deployment,Affine INT8 quantization scheme and quantization-aware training with fake quantization,Reference for fake-quant training and INT8 model export to TFLite Micro,downloaded
11,Estimating or Propagating Gradients Through Stochastic Neurons for Conditional Computation,"Y. Bengio, N. Léonard, A. Courville",2013,arXiv 1308.3432,https://arxiv.org/abs/1308.3432,11_Bengio_2013_Straight_Through_Estimator.pdf,quantization,Method (STE),Introduces the straight-through estimator for non-differentiable operations,Justifies the STE used through round() in the latent quantizer,downloaded
12,TensorFlow Lite Micro: Embedded Machine Learning on TinyML Systems,"R. David et al.",2021,MLSys 2021,https://arxiv.org/abs/2010.08678,12_David_2021_TensorFlow_Lite_Micro.pdf,embedded ML,ESP32-S3 deployment,Interpreter-based inference framework for microcontrollers with static tensor arena,Candidate runtime for the encoder on ESP32-S3,downloaded
13,PyTorch: An Imperative Style High-Performance Deep Learning Library,"A. Paszke et al.",2019,NeurIPS 2019,https://arxiv.org/abs/1912.01703,13_Paszke_2019_PyTorch.pdf,software,Implementation,Describes the PyTorch framework,Training framework used for classifier and codecs,downloaded
14,librosa: Audio and Music Signal Analysis in Python,"B. McFee et al.",2015,SciPy 2015,https://doi.org/10.25080/Majora-7b98e3ed-003,14_McFee_2015_librosa.pdf,software,Feature extraction,Describes the librosa audio analysis library,Used for mel spectrogram extraction,downloaded
