metric,d,mean,median,std,min,max,p95,n
preprocess_ms,64,95.39206900000002,95.392,0.00036382876655459157,95.392,95.394,95.392,1000.0
preprocess_ms,128,95.65200000000003,95.652,2.843593095214981e-14,95.652,95.652,95.652,1000.0
preprocess_ms,256,95.75402599999997,95.754,0.00015921478998155594,95.754,95.755,95.754,1000.0
encoder_ms,64,489.020706,489.02,0.0009739160705745426,489.02,489.025,489.022,1000.0
encoder_ms,128,490.7513380000001,490.751,0.0004816513137144944,490.751,490.754,490.752,1000.0
encoder_ms,256,494.68267599999996,494.682,0.0009715801397600451,494.682,494.69,494.684,1000.0
quantization_ms,64,0.029634000000000014,0.029,0.0009575807856055591,0.028,0.031,0.031,1000.0
quantization_ms,128,0.056668000000000024,0.056,0.0009437513796899415,0.056,0.058,0.058,1000.0
quantization_ms,256,0.109667,0.109,0.0009428679653058544,0.109,0.111,0.111,1000.0
packetization_ms,64,0.0010340000000000004,0.001,0.00018131981931624814,0.001,0.002,0.001,1000.0
packetization_ms,128,0.0010010000000000004,0.001,3.1622776601683795e-05,0.001,0.002,0.001,1000.0
packetization_ms,256,0.002000000000000001,0.002,8.677957443893374e-19,0.002,0.002,0.002,1000.0
total_node_ms,64,489.051374,489.0499999999999,0.0019062417889386333,489.0499999999999,489.057,489.054,1000.0
total_node_ms,128,490.809007,490.80799999999994,0.0014230165058893888,490.80799999999994,490.814,490.811,1000.0
total_node_ms,256,494.7943429999999,494.793,0.001900779830490115,494.793,494.802,494.797,1000.0
end_to_end_node_ms,64,584.443443,584.442,0.001987133538430852,584.442,584.451,584.4459999999999,1000.0
end_to_end_node_ms,128,586.4610069999999,586.4599999999999,0.0014230165058894287,586.4599999999999,586.466,586.463,1000.0
end_to_end_node_ms,256,590.5483690000001,590.547,0.001905904371028195,590.547,590.556,590.551,1000.0
