filename,label,prediction_python,prediction_esp32_packet,match,d,payload_bytes,packet_bytes,encoder_latency_ms,preprocess_latency_ms,latent_exact_ratio,latent_max_abs_diff,mode,fold,seed,run_id
0_george_0.wav,0,6,6,1,128,128,132,114.045,0.0,1.0,0,L,1,0,d128_20261005_102805_qemu
0_george_1.wav,0,0,0,1,128,128,132,114.123,0.0,1.0,0,L,1,0,d128_20261005_102805_qemu
0_george_10.wav,0,7,7,1,128,128,132,112.742,0.0,1.0,0,L,1,0,d128_20261005_102805_qemu
0_george_11.wav,0,7,7,1,128,128,132,110.181,0.0,1.0,0,L,1,0,d128_20261005_102805_qemu
0_george_12.wav,0,7,7,1,128,128,132,112.726,0.0,1.0,0,L,1,0,d128_20261005_102805_qemu
0_george_13.wav,0,0,0,1,128,128,132,113.082,0.0,1.0,0,L,1,0,d128_20261005_102805_qemu
0_george_14.wav,0,9,9,1,128,128,132,114.985,0.0,1.0,0,L,1,0,d128_20261005_102805_qemu
0_george_15.wav,0,7,7,1,128,128,132,112.702,0.0,1.0,0,L,1,0,d128_20261005_102805_qemu
0_george_16.wav,0,0,0,1,128,128,132,128.083,0.0,1.0,0,L,1,0,d128_20261005_102805_qemu
0_george_17.wav,0,0,0,1,128,128,132,118.551,0.0,1.0,0,L,1,0,d128_20261005_102805_qemu
0_george_18.wav,0,0,0,1,128,128,132,117.841,0.0,1.0,0,L,1,0,d128_20261005_102805_qemu
0_george_19.wav,0,0,0,1,128,128,132,109.293,0.0,1.0,0,L,1,0,d128_20261005_102805_qemu
0_george_2.wav,0,0,0,1,128,128,132,108.108,0.0,1.0,0,L,1,0,d128_20261005_102805_qemu
0_george_20.wav,0,0,0,1,128,128,132,106.67,0.0,1.0,0,L,1,0,d128_20261005_102805_qemu
0_george_21.wav,0,0,0,1,128,128,132,111.832,0.0,1.0,0,L,1,0,d128_20261005_102805_qemu
0_george_22.wav,0,0,0,1,128,128,132,112.475,0.0,1.0,0,L,1,0,d128_20261005_102805_qemu
0_george_23.wav,0,0,0,1,128,128,132,113.228,0.0,1.0,0,L,1,0,d128_20261005_102805_qemu
0_george_24.wav,0,7,7,1,128,128,132,115.649,0.0,1.0,0,L,1,0,d128_20261005_102805_qemu
0_george_25.wav,0,7,7,1,128,128,132,113.275,0.0,1.0,0,L,1,0,d128_20261005_102805_qemu
0_george_26.wav,0,0,0,1,128,128,132,111.303,0.0,1.0,0,L,1,0,d128_20261005_102805_qemu
0_george_27.wav,0,0,0,1,128,128,132,113.53,0.0,1.0,0,L,1,0,d128_20261005_102805_qemu
0_george_28.wav,0,0,0,1,128,128,132,111.989,0.0,1.0,0,L,1,0,d128_20261005_102805_qemu
0_george_29.wav,0,6,6,1,128,128,132,110.837,0.0,1.0,0,L,1,0,d128_20261005_102805_qemu
0_george_3.wav,0,0,0,1,128,128,132,113.349,0.0,1.0,0,L,1,0,d128_20261005_102805_qemu
0_george_30.wav,0,7,7,1,128,128,132,106.629,0.0,1.0,0,L,1,0,d128_20261005_102805_qemu
0_george_31.wav,0,6,6,1,128,128,132,104.091,0.0,1.0,0,L,1,0,d128_20261005_102805_qemu
0_george_32.wav,0,9,9,1,128,128,132,115.485,0.0,1.0,0,L,1,0,d128_20261005_102805_qemu
0_george_33.wav,0,7,7,1,128,128,132,111.721,0.0,1.0,0,L,1,0,d128_20261005_102805_qemu
0_george_34.wav,0,5,5,1,128,128,132,104.395,0.0,1.0,0,L,1,0,d128_20261005_102805_qemu
0_george_35.wav,0,7,7,1,128,128,132,109.963,0.0,1.0,0,L,1,0,d128_20261005_102805_qemu
0_george_0.wav,0,6,6,1,128,128,132,107.562,29.589,1.0,0,A,1,0,d128_20261005_102805_qemu
0_george_1.wav,0,0,0,1,128,128,132,117.308,32.994,1.0,0,A,1,0,d128_20261005_102805_qemu
0_george_10.wav,0,7,7,1,128,128,132,120.204,39.217,1.0,0,A,1,0,d128_20261005_102805_qemu
0_george_11.wav,0,7,7,1,128,128,132,111.44,31.597,1.0,0,A,1,0,d128_20261005_102805_qemu
0_george_12.wav,0,7,7,1,128,128,132,110.995,32.954,1.0,0,A,1,0,d128_20261005_102805_qemu
0_george_13.wav,0,0,0,1,128,128,132,117.908,31.904,1.0,0,A,1,0,d128_20261005_102805_qemu
0_george_14.wav,0,9,9,1,128,128,132,106.242,33.482,1.0,0,A,1,0,d128_20261005_102805_qemu
0_george_15.wav,0,7,7,1,128,128,132,107.741,29.165,1.0,0,A,1,0,d128_20261005_102805_qemu
0_george_16.wav,0,0,0,1,128,128,132,111.972,33.64,1.0,0,A,1,0,d128_20261005_102805_qemu
0_george_17.wav,0,0,0,1,128,128,132,110.433,29.589,1.0,0,A,1,0,d128_20261005_102805_qemu
0_george_18.wav,0,0,0,1,128,128,132,112.956,31.735,1.0,0,A,1,0,d128_20261005_102805_qemu
0_george_19.wav,0,0,0,1,128,128,132,110.991,33.824,1.0,0,A,1,0,d128_20261005_102805_qemu
0_george_2.wav,0,0,0,1,128,128,132,109.573,29.6,1.0,0,A,1,0,d128_20261005_102805_qemu
0_george_20.wav,0,0,0,1,128,128,132,110.096,31.806,1.0,0,A,1,0,d128_20261005_102805_qemu
0_george_21.wav,0,0,0,1,128,128,132,115.845,33.391,1.0,0,A,1,0,d128_20261005_102805_qemu
0_george_22.wav,0,0,0,1,128,128,132,119.108,32.054,1.0,0,A,1,0,d128_20261005_102805_qemu
0_george_23.wav,0,0,0,1,128,128,132,118.604,30.118,1.0,0,A,1,0,d128_20261005_102805_qemu
0_george_24.wav,0,7,7,1,128,128,132,112.417,33.558,1.0,0,A,1,0,d128_20261005_102805_qemu
0_george_25.wav,0,7,7,1,128,128,132,117.758,28.831,1.0,0,A,1,0,d128_20261005_102805_qemu
0_george_26.wav,0,0,0,1,128,128,132,106.461,32.825,1.0,0,A,1,0,d128_20261005_102805_qemu
0_george_27.wav,0,0,0,1,128,128,132,115.382,35.71,1.0,0,A,1,0,d128_20261005_102805_qemu
0_george_28.wav,0,0,0,1,128,128,132,108.138,29.457,1.0,0,A,1,0,d128_20261005_102805_qemu
0_george_29.wav,0,6,6,1,128,128,132,114.836,28.807,1.0,0,A,1,0,d128_20261005_102805_qemu
0_george_3.wav,0,0,0,1,128,128,132,109.004,28.635,1.0,0,A,1,0,d128_20261005_102805_qemu
0_george_30.wav,0,7,7,1,128,128,132,108.206,30.371,1.0,0,A,1,0,d128_20261005_102805_qemu
0_george_31.wav,0,6,6,1,128,128,132,108.15,28.923,1.0,0,A,1,0,d128_20261005_102805_qemu
0_george_32.wav,0,9,9,1,128,128,132,111.34,30.951,1.0,0,A,1,0,d128_20261005_102805_qemu
0_george_33.wav,0,7,7,1,128,128,132,109.354,30.049,1.0,0,A,1,0,d128_20261005_102805_qemu
0_george_34.wav,0,5,5,1,128,128,132,109.577,29.361,1.0,0,A,1,0,d128_20261005_102805_qemu
0_george_35.wav,0,7,7,1,128,128,132,109.347,28.897,1.0,0,A,1,0,d128_20261005_102805_qemu
